1stFlrSF,2ndFlrSF,BedroomAbvGr,BsmtFinSF1,BsmtUnfSF,GarageArea,GarageYrBlt,GrLivArea,LotArea,MasVnrArea,OpenPorchSF,OverallCond,OverallQual,TotalBsmtSF,YearBuilt,YearRemodAdd,SalePrice
1828,0.0,3.0,48,1774,774,2007.0,1828,11694,452.0,108,5,9,1822,2007,2007,314813
894,0.0,2.0,0,894,308,1962.0,894,6600,0.0,0,5,5,894,1962,1962,109500
964,0.0,2.0,713,163,432,1921.0,964,13360,0.0,0,7,5,876,1921,2006,163500
1689,0.0,3.0,1218,350,857,2002.0,1689,13265,148.0,59,5,8,1568,2002,2002,271000
1541,0.0,3.0,0,1541,843,2001.0,1541,13704,150.0,81,5,7,1541,2001,2002,205000
1221,0.0,2.0,410,811,400,2004.0,1221,7500,0.0,113,5,7,1221,2004,2005,185000
1324,0.0,3.0,643,445,440,1965.0,1324,8658,101.0,138,5,6,1088,1965,1965,160000
696,720.0,3.0,604,92,484,1999.0,1416,2572,0.0,44,5,7,696,1999,1999,155000
526,462.0,2.0,462,0,297,1973.0,988,1596,0.0,101,5,4,462,1973,1973,91000
869,349.0,3.0,375,360,440,2003.0,1218,6000,0.0,0,6,6,735,1941,1950,131000
760,896.0,3.0,0,746,397,2003.0,1656,6931,92.0,128,5,7,746,2003,2004,165400
1362,0.0,2.0,20,1342,460,2005.0,1362,7577,256.0,28,5,6,1362,2005,2006,194700
1051,788.0,4.0,0,756,442,1966.0,1839,7700,351.0,124,5,6,756,1966,1966,155000
1375,0.0,2.0,0,1367,451,1954.0,1375,11310,0.0,30,5,6,1367,1954,1954,140000
1122,0.0,2.0,144,172,528,1948.0,1122,12000,0.0,36,7,5,924,1948,2005,147000
1432,0.0,2.0,680,289,588,1978.0,1432,16157,0.0,180,7,5,1360,1978,1978,194000
728,728.0,3.0,0,728,400,2007.0,1456,9018,0.0,24,5,7,728,2007,2007,179540
1217,0.0,3.0,611,577,497,1990.0,1217,9947,0.0,27,5,7,1188,1990,1991,173000
1040,0.0,2.0,0,0,625,1950.0,1040,7200,0.0,0,7,5,0,1950,1950,109500
612,612.0,2.0,294,318,528,2009.0,1224,3000,76.0,234,5,6,612,2009,2009,173733
1022,752.0,2.0,0,952,468,1931.0,1774,6120,0.0,0,5,7,952,1931,1950,129900
961,406.0,4.0,241,229,384,1978.0,1367,8405,0.0,130,8,5,861,1900,1950,119000
803,557.0,2.0,0,803,297,1951.0,1360,7200,0.0,65,6,5,803,1938,1995,125500
848,0.0,1.0,697,151,420,2004.0,848,4426,147.0,0,5,6,848,2004,2004,149300
1482,780.0,3.0,871,611,749,2003.0,2262,12244,226.0,0,5,8,1482,2003,2003,305000
1220,0.0,2.0,836,0,396,1951.0,1220,8877,0.0,0,5,4,836,1951,1951,102000
1414,0.0,2.0,0,1375,398,2004.0,1414,3072,18.0,20,5,7,1375,2004,2004,178740
1134,924.0,3.0,319,416,396,1950.0,2058,9600,0.0,0,5,6,735,1917,1950,129500
1088,110.0,4.0,0,901,0,1979.0,1198,5586,0.0,98,7,6,901,1920,1998,79900
1659,0.0,2.0,1158,343,499,2000.0,1659,5664,0.0,59,5,8,1501,2000,2000,278000
1012,0.0,2.0,0,1012,308,1920.0,1012,8263,0.0,22,5,6,1012,1920,1950,118400
1687,998.0,5.0,523,301,672,1970.0,3082,15863,0.0,63,3,7,824,1920,1970,197000
1032,0.0,4.0,0,360,672,1999.0,1812,7630,0.0,0,9,5,360,1900,1996,140000
1057,872.0,3.0,738,319,650,2001.0,1929,7050,0.0,235,5,7,1057,2001,2001,226000
954,0.0,3.0,483,428,576,1976.0,954,10780,0.0,0,5,5,911,1976,1976,132500
1838,0.0,2.0,1260,578,765,2006.0,1838,14601,584.0,68,5,9,1838,2006,2006,315000
1640,0.0,3.0,728,568,924,1993.0,1640,14778,72.0,0,7,6,1296,1954,2006,224000
1148,0.0,3.0,1148,0,672,1959.0,1148,7931,0.0,0,5,5,1148,1959,1959,132500
950,0.0,3.0,412,251,280,1981.0,950,9758,0.0,0,5,5,950,1971,1971,119500
1065,846.0,3.0,380,397,471,1993.0,1911,9554,125.0,81,5,8,777,1993,1994,215000
915,720.0,3.0,300,765,440,1950.0,1635,8737,0.0,38,7,6,1065,1923,1950,210000
1316,0.0,3.0,0,1316,440,2007.0,1316,11175,0.0,20,5,7,1316,2007,2007,200141
1442,0.0,2.0,0,1442,615,1970.0,1442,11717,571.0,0,6,6,1442,1970,1970,185000
1078,0.0,3.0,734,344,500,1971.0,1078,12537,0.0,0,6,5,1078,1971,2008,149900
1120,0.0,3.0,932,108,544,1961.0,1120,6970,0.0,0,5,4,1040,1961,1961,129000
779,640.0,3.0,353,55,527,2002.0,1419,7750,0.0,0,5,8,408,2002,2002,184100
707,682.0,3.0,0,651,240,1947.0,1389,3378,0.0,0,8,7,651,1946,1992,135000
1063,0.0,3.0,354,412,280,1954.0,1063,9920,110.0,0,5,5,1056,1954,1954,128000
1792,0.0,2.0,1567,225,874,2003.0,1792,11846,562.0,49,5,9,1792,2003,2004,374000
1216,0.0,2.0,897,319,402,1998.0,1216,4500,116.0,125,5,6,1216,1998,1998,164000
998,764.0,4.0,0,596,576,1989.0,1762,7200,0.0,0,7,7,596,1920,1950,157000
847,1112.0,4.0,0,847,434,2004.0,1959,11796,0.0,48,5,7,847,2004,2005,215000
1208,0.0,3.0,767,441,546,1977.0,1208,11250,0.0,42,6,6,1208,1977,1977,165000
874,650.0,3.0,460,414,315,1958.0,1524,11344,180.0,0,5,5,874,1958,1958,144000
796,358.0,3.0,735,61,240,1922.0,1154,5436,0.0,96,8,4,796,1922,2007,125500
1048,0.0,3.0,0,0,420,1950.0,1048,7200,0.0,27,5,5,0,1950,1950,98300
886,0.0,2.0,0,190,273,1938.0,886,5784,0.0,20,8,5,190,1938,1996,91300
943,0.0,2.0,943,0,600,1979.0,943,7032,0.0,0,5,5,943,1979,1979,135960
866,902.0,3.0,400,466,603,2005.0,1768,9803,0.0,108,5,7,866,2005,2005,226700
1422,1177.0,4.0,0,1393,779,1999.0,2599,14774,165.0,30,5,9,1393,1999,1999,333168
912,0.0,2.0,456,456,275,1958.0,912,10150,1.0,0,5,5,912,1958,1958,114500
882,0.0,2.0,0,0,308,1956.0,882,12702,0.0,45,5,5,0,1956,1956,97000
1337,0.0,2.0,266,1139,511,1998.0,1337,4060,0.0,68,5,6,1405,1998,1999,181000
2076,0.0,2.0,1386,690,850,2006.0,2076,13891,0.0,229,5,10,2076,2006,2006,465000
1328,1203.0,4.0,56,1198,752,1995.0,2531,12257,513.0,98,5,8,1318,1995,1995,290000
981,787.0,3.0,569,162,240,1939.0,1768,7200,252.0,0,7,5,731,1937,1950,175000
1625,0.0,2.0,1573,0,538,2006.0,1625,4750,481.0,0,5,8,1573,2006,2007,235000
1444,700.0,4.0,697,747,389,1958.0,2144,159000,472.0,98,7,6,1444,1958,2006,277000
1521,0.0,3.0,0,1237,880,1988.0,2775,13500,0.0,502,9,10,1237,1893,2000,325000
1140,728.0,3.0,0,585,477,1984.0,1868,12090,74.0,112,7,6,585,1984,2003,178000
1525,0.0,3.0,1400,125,541,2000.0,1525,9100,244.0,36,5,7,1525,2000,2000,235000
1571,0.0,3.0,0,1571,722,2007.0,1571,10991,80.0,36,5,8,1571,2007,2007,239000
796,0.0,2.0,0,796,0,1979.0,796,8777,0.0,0,7,5,796,1910,1950,85000
1378,994.0,4.0,0,994,432,1985.0,2372,6600,0.0,287,4,5,994,1892,1965,107500
802,670.0,3.0,0,384,402,1991.0,1472,10784,76.0,0,5,7,384,1991,1992,160000
960,0.0,0.0,648,0,364,1965.0,960,10246,0.0,0,9,4,648,1965,2001,145000
734,1104.0,4.0,0,732,372,2005.0,1838,21930,0.0,40,5,5,732,2005,2005,192140
1309,0.0,3.0,663,0,484,1974.0,1309,10140,99.0,0,6,6,1040,1974,1999,181000
2069,574.0,3.0,0,2153,694,2006.0,2643,13693,772.0,84,5,9,2153,2006,2006,380000
676,455.0,3.0,0,676,200,1941.0,1131,5720,0.0,0,6,5,676,1941,1950,66500
960,1000.0,4.0,0,960,400,1952.0,1960,7596,360.0,0,5,5,960,1952,1952,124500
1144,0.0,3.0,25,247,336,1962.0,1144,9204,0.0,88,5,5,1144,1963,1963,124000
1056,0.0,0.0,1056,0,576,1980.0,1056,6979,0.0,56,5,6,1056,1980,1980,144000
693,0.0,2.0,0,693,0,1979.0,693,4118,0.0,20,4,4,693,1941,1950,52500
1494,0.0,3.0,1200,279,576,1997.0,1494,9236,0.0,27,5,6,1479,1997,1997,217000
1646,0.0,2.0,1373,221,482,2004.0,1646,3842,174.0,53,5,8,1594,2004,2005,275000
864,0.0,3.0,390,474,352,1989.0,864,7180,0.0,0,7,5,864,1972,1972,127000
1566,0.0,3.0,1078,488,750,2008.0,1566,9000,36.0,168,5,8,1566,2008,2008,262500
735,660.0,3.0,593,130,497,1972.0,1395,12936,0.0,116,6,6,723,1972,1972,162000
848,0.0,2.0,152,628,539,1962.0,1208,6240,0.0,23,5,4,780,1925,1950,103000
939,574.0,4.0,0,939,180,1933.0,1513,6120,0.0,0,8,5,939,1920,2004,137500
959,408.0,3.0,425,459,560,1978.0,1367,6240,0.0,0,6,6,884,1931,1950,127500
955,0.0,3.0,763,192,386,1966.0,955,7742,0.0,0,7,5,955,1966,1966,127000
1077,0.0,3.0,0,1007,210,1922.0,1077,9786,0.0,100,4,3,1007,1922,1950,91000
1056,0.0,3.0,1056,0,572,1955.0,1056,34650,0.0,0,5,5,1056,1955,1955,145000
756,797.0,3.0,0,756,615,2005.0,1553,8125,0.0,45,5,7,756,2005,2006,186500
1614,0.0,3.0,20,1594,865,2005.0,1614,11210,240.0,59,5,7,1614,2005,2006,221500
2042,0.0,3.0,0,2042,1390,2009.0,2042,12704,306.0,90,5,8,2042,2008,2009,253293
1073,0.0,2.0,0,1073,326,1968.0,1073,5400,0.0,0,6,5,1073,1921,1968,108480
1072,213.0,2.0,336,295,240,1948.0,1285,8635,0.0,0,5,5,672,1948,2001,127000
2117,0.0,4.0,865,340,550,1970.0,2117,12925,0.0,42,7,6,1205,1970,1970,237500
605,0.0,2.0,348,180,0,1979.0,605,9098,0.0,0,7,4,528,1920,2002,86000
1150,0.0,3.0,179,465,300,1959.0,1150,7945,0.0,0,6,5,1150,1959,1959,141000
728,728.0,3.0,0,728,400,2005.0,1456,8029,0.0,24,5,6,728,2005,2005,176000
999,0.0,3.0,867,77,588,1961.0,999,12122,210.0,76,9,7,944,1961,2007,178400
750,750.0,3.0,0,750,564,2005.0,1500,8846,0.0,35,5,6,750,2005,2006,173900
1336,0.0,2.0,841,324,375,1953.0,1336,15750,56.0,0,5,5,1165,1953,1953,157000
864,729.0,3.0,759,80,398,2004.0,1593,7415,0.0,75,5,6,839,2004,2004,193000
1130,1054.0,3.0,936,168,836,2008.0,2184,11308,154.0,102,5,9,1104,2008,2008,335000
1560,0.0,3.0,0,1560,573,2003.0,1560,9196,0.0,150,5,7,1560,2003,2003,201000
888,0.0,3.0,386,342,312,1942.0,1644,9480,224.0,0,7,5,728,1942,1995,146500
630,0.0,3.0,515,115,286,1970.0,630,1526,0.0,0,8,4,630,1970,2002,86000
1113,0.0,3.0,751,392,504,1987.0,1113,7917,174.0,30,7,6,1143,1976,1976,148000
1071,1101.0,3.0,0,1063,947,2006.0,2172,14154,350.0,62,5,7,1063,2006,2006,280000
796,550.0,2.0,0,560,384,1950.0,1346,11767,0.0,24,7,4,560,1910,2000,112000
1184,1426.0,4.0,64,1120,550,2007.0,2610,9000,0.0,364,5,8,1184,2007,2007,303477
1026,932.0,3.0,0,1026,936,2005.0,1958,10625,0.0,210,5,7,1026,2005,2005,250000
1468,0.0,3.0,0,1468,898,2008.0,1468,9612,72.0,150,5,8,1468,2008,2009,244600
1302,432.0,4.0,0,0,539,1977.0,1734,10125,0.0,0,5,5,0,1977,1977,126000
768,432.0,3.0,352,416,240,1946.0,1200,11767,0.0,0,6,5,768,1946,1995,130500
1112,438.0,2.0,812,280,438,2007.0,1550,8125,100.0,168,5,7,1092,2006,2007,241000
954,795.0,5.0,0,795,440,1997.0,2230,6204,0.0,188,5,4,795,1912,1950,118500
1166,0.0,3.0,0,1064,240,1936.0,1639,10480,0.0,0,5,6,1064,1936,1950,115000
864,0.0,3.0,521,169,624,1964.0,864,9100,0.0,0,5,5,864,1958,1958,129900
1621,0.0,3.0,213,995,440,1984.0,1621,14145,0.0,45,7,7,1208,1984,1998,202500
483,504.0,3.0,162,321,264,1972.0,987,1680,510.0,0,8,6,483,1972,2007,118000
1238,1281.0,4.0,965,245,628,1989.0,2519,26178,293.0,27,5,7,1210,1989,1990,335000
765,600.0,3.0,765,0,440,1970.0,1365,2368,312.0,36,6,5,765,1970,1970,125000
1149,1141.0,4.0,0,1128,779,2002.0,2290,11250,0.0,0,5,8,1128,2002,2002,255900
1249,1347.0,4.0,0,1249,840,2006.0,2596,16259,370.0,154,5,9,1249,2006,2006,342643
907,0.0,3.0,288,619,352,1964.0,907,8593,0.0,0,6,4,907,1957,1957,109008
855,0.0,3.0,566,289,440,1976.0,1456,2280,0.0,0,6,6,855,1976,1976,148500
1190,0.0,3.0,803,303,540,1962.0,1190,7728,120.0,18,6,5,1106,1962,1962,132500
858,0.0,2.0,322,536,684,1979.0,858,7340,0.0,0,6,4,858,1971,1971,110000
2223,0.0,3.0,1880,343,516,1973.0,2223,13651,1115.0,0,6,7,2223,1973,1973,244000
1005,0.0,2.0,0,1005,672,1977.0,1005,10434,0.0,0,5,4,1005,1955,1955,115000
1086,809.0,3.0,0,712,409,1994.0,1895,10832,0.0,46,5,7,712,1994,1996,194500
1040,0.0,3.0,906,134,384,1965.0,1040,11200,0.0,0,5,5,1040,1965,1965,129500
1264,0.0,3.0,697,571,461,1960.0,1264,9300,324.0,0,5,5,1268,1960,1960,167500
874,887.0,3.0,0,874,578,2007.0,1761,10207,0.0,105,6,7,874,2007,2007,227875
1034,0.0,3.0,539,473,888,1976.0,1034,12328,335.0,0,5,6,1012,1976,1976,169900
1363,0.0,2.0,226,96,439,1954.0,1363,39104,0.0,0,7,7,1385,1954,2005,241500
1689,0.0,3.0,0,1436,480,1956.0,1689,9855,0.0,0,5,6,1436,1956,1956,127500
2113,0.0,2.0,1696,413,839,1995.0,2113,10437,660.0,46,6,8,2109,1995,1995,350000
1573,0.0,3.0,788,785,544,2002.0,1573,9808,110.0,72,5,7,1573,2002,2002,227000
2364,0.0,3.0,2188,142,820,2009.0,2364,12919,760.0,67,5,9,2330,2009,2010,611657
1057,977.0,3.0,739,318,645,1998.0,2034,9375,573.0,36,5,7,1057,1997,1998,219500
1291,0.0,2.0,1003,288,431,1996.0,1291,2887,0.0,0,5,6,1291,1996,1997,173000
858,0.0,2.0,696,162,0,1979.0,858,7207,0.0,0,7,5,858,1958,2008,116500
698,560.0,2.0,204,356,280,1939.0,1258,9060,0.0,0,5,6,560,1939,1950,105000
438,0.0,1.0,290,0,246,1930.0,438,8400,0.0,0,5,2,290,1920,1950,60000
672,728.0,3.0,209,463,440,1978.0,1400,7844,203.0,0,7,6,672,1978,1978,149500
954,0.0,2.0,0,920,240,1938.0,954,6305,0.0,0,7,5,920,1938,1950,119750
1445,0.0,3.0,564,563,645,1964.0,1445,12095,115.0,0,6,6,1127,1964,1964,158000
1072,0.0,2.0,459,88,525,2005.0,1072,3675,80.0,28,5,6,547,2005,2005,148000
1664,0.0,4.0,0,0,0,1979.0,1664,9825,0.0,0,5,5,0,1965,1965,100000
1445,689.0,5.0,0,844,441,1930.0,2134,11888,0.0,60,6,6,844,1916,1994,214500
1940,1254.0,4.0,428,537,380,1934.0,3194,12168,0.0,0,6,8,965,1934,1998,359100
912,912.0,4.0,0,912,0,1979.0,1824,9400,0.0,0,5,6,912,1971,1971,139000
888,868.0,3.0,742,130,422,1996.0,1756,9303,42.0,122,5,6,872,1996,1997,204000
912,0.0,2.0,595,317,576,1992.0,912,8872,300.0,240,8,5,912,1965,2008,147000
1509,0.0,3.0,783,678,600,1988.0,1509,10200,219.0,0,5,6,1461,1988,1989,175000
1160,448.0,3.0,264,712,216,1925.0,1608,6171,0.0,16,6,6,976,1925,1990,137450
1316,0.0,3.0,28,1288,397,2005.0,1316,10237,0.0,0,5,6,1316,2005,2006,169990
1015,0.0,3.0,489,279,450,1925.0,1015,6120,0.0,0,7,5,768,1925,1950,88000
756,378.0,3.0,312,444,240,1940.0,1134,8160,0.0,0,6,5,756,1940,1950,126000
1636,0.0,3.0,63,1560,865,2006.0,1636,13501,208.0,60,5,8,1623,2006,2006,255000
660,660.0,3.0,0,660,400,2003.0,1320,7750,0.0,48,5,7,660,2003,2003,162000
1160,966.0,3.0,249,0,538,1967.0,2126,28698,0.0,0,5,5,1013,1967,1967,185000
1128,0.0,3.0,776,344,525,1963.0,1128,8700,148.0,20,6,5,1120,1963,1963,155000
1306,0.0,2.0,860,132,756,1968.0,1306,8712,0.0,0,7,5,992,1957,2000,153000
798,546.0,3.0,0,546,0,1979.0,1344,1533,0.0,0,6,4,546,1970,2008,97000
1576,978.0,3.0,0,718,704,1996.0,2554,10800,0.0,48,8,7,718,1890,1998,159500
893,0.0,2.0,220,625,576,1985.0,893,9600,0.0,0,7,5,845,1949,2003,135000
894,1039.0,4.0,0,894,668,2007.0,1933,14598,74.0,18,5,6,894,2007,2007,214000
672,546.0,3.0,356,316,264,1973.0,1218,1890,285.0,28,5,6,672,1973,1973,113000
1161,808.0,3.0,0,808,534,1977.0,1969,11952,0.0,0,6,7,808,1977,1977,190000
1220,870.0,3.0,1079,141,556,1995.0,2090,10000,438.0,65,5,8,1220,1995,1996,240000
1484,0.0,3.0,998,486,487,1971.0,1484,12243,0.0,0,6,5,1484,1971,1971,175000
1656,0.0,4.0,0,1656,506,1973.0,1656,9246,564.0,211,5,5,1656,1973,1973,135000
818,406.0,3.0,468,350,210,1926.0,1224,3950,0.0,0,8,6,818,1926,2004,115000
1022,1032.0,3.0,695,297,390,2000.0,2054,12224,40.0,48,5,6,992,2000,2000,244000
854,0.0,2.0,0,832,576,1991.0,854,6120,0.0,112,8,7,832,1929,2001,132000
546,546.0,3.0,334,212,286,1973.0,1092,1974,0.0,96,5,4,546,1973,1973,83500
1268,0.0,3.0,196,1072,252,1978.0,1268,9286,0.0,0,7,5,1268,1977,1989,143500
827,834.0,3.0,385,70,550,1996.0,1661,10667,0.0,61,6,7,799,1996,1996,212000
1668,0.0,3.0,370,315,502,2003.0,1668,10635,171.0,262,5,8,1657,2003,2003,232000
1493,0.0,3.0,994,484,508,1997.0,1493,13125,215.0,39,5,6,1478,1997,1998,208900
932,0.0,2.0,0,932,306,1950.0,932,8280,0.0,0,5,6,932,1950,1950,124000
1277,0.0,2.0,778,499,526,1970.0,1277,10628,0.0,0,5,7,1277,1970,1970,167000
1530,0.0,3.0,1300,230,630,2004.0,1530,14572,0.0,36,5,7,1530,2004,2004,259000
1344,0.0,2.0,457,193,484,1970.0,1344,9503,0.0,28,5,5,1024,1958,1983,144000
860,0.0,2.0,672,168,528,1996.0,860,8740,0.0,0,6,5,840,1982,1982,137000
1314,0.0,2.0,904,410,626,2008.0,1314,5001,166.0,62,5,7,1314,2007,2008,230000
1391,571.0,3.0,464,927,868,2006.0,1962,8760,0.0,90,5,7,1391,2006,2006,239799
788,702.0,3.0,724,64,388,2004.0,1490,15384,0.0,75,5,7,788,2004,2005,184000
848,0.0,1.0,662,186,420,2004.0,848,4426,169.0,0,5,6,848,2004,2004,143000
672,0.0,2.0,0,672,240,1940.0,672,10200,0.0,0,8,5,672,1940,1997,108000
1188,1152.0,4.0,275,877,252,1941.0,2340,9042,0.0,60,9,7,1152,1941,2006,266500
808,704.0,3.0,0,660,180,1916.0,1656,10410,0.0,0,7,5,660,1916,1987,135000
725,754.0,4.0,626,99,484,1972.0,1479,7472,138.0,32,9,7,725,1972,2004,184000
1226,0.0,3.0,0,1226,740,2009.0,1226,10402,0.0,36,5,7,1226,2009,2009,198900
976,1111.0,5.0,568,264,444,1966.0,2087,12205,157.0,168,8,6,832,1966,2007,187500
1158,0.0,3.0,941,217,576,2006.0,1158,13072,0.0,50,5,6,1158,2004,2004,158000
1154,0.0,3.0,740,184,480,1966.0,1154,11000,200.0,58,6,5,1154,1966,1966,154000
880,844.0,3.0,0,880,527,1998.0,1724,8924,0.0,155,5,7,880,1998,1999,188000
773,885.0,3.0,219,554,431,1995.0,1658,8000,0.0,84,5,6,773,1995,1996,188000
1126,0.0,2.0,0,0,520,2002.0,1126,8777,0.0,96,5,4,0,1949,2003,108000
872,521.0,3.0,0,816,300,1955.0,1393,16466,0.0,0,7,5,816,1955,1955,135500
1968,1479.0,4.0,192,536,1014,1982.0,3447,14100,632.0,12,9,8,728,1935,1997,381000
483,504.0,2.0,309,174,264,1973.0,987,1953,408.0,0,5,6,483,1973,1973,83000
808,547.0,4.0,351,112,0,1979.0,1355,10106,0.0,0,7,5,644,1940,1999,127500
2069,0.0,4.0,425,160,505,1960.0,2069,27650,0.0,0,7,7,585,1960,2007,242000
757,0.0,3.0,549,195,440,1999.0,1501,2280,360.0,0,5,7,744,1999,1999,179400
1976,0.0,2.0,1350,626,908,2006.0,1976,14977,304.0,63,5,8,1976,2006,2007,440000
1563,0.0,3.0,33,1530,758,2007.0,1563,10206,468.0,99,5,8,1563,2007,2007,245000
572,539.0,2.0,0,572,288,1982.0,1111,5700,0.0,0,7,7,572,1926,1950,116900
851,651.0,3.0,0,776,270,1931.0,1502,7200,0.0,0,6,7,776,1931,2000,149000
1733,0.0,4.0,0,0,452,1955.0,1733,13680,0.0,0,5,3,0,1955,1955,139600
1848,880.0,4.0,1410,438,706,2006.0,2728,20431,870.0,0,5,9,1848,2005,2006,437154
630,672.0,3.0,231,399,264,1972.0,1302,1680,268.0,0,7,5,630,1972,1972,119500
1332,192.0,0.0,1258,74,586,1979.0,1524,23595,0.0,0,6,7,1332,1979,1979,260000
1120,468.0,4.0,0,0,680,1991.0,1588,17120,0.0,59,4,4,0,1959,1959,134432
1125,0.0,2.0,0,1125,430,2007.0,1125,8536,0.0,64,5,5,1125,2006,2007,155000
520,600.0,2.0,0,600,480,2005.0,1200,3180,0.0,166,5,7,600,2005,2005,151000
798,842.0,3.0,0,798,520,2004.0,1640,8366,0.0,45,5,6,798,2004,2004,173000
1223,904.0,3.0,1000,223,525,1994.0,2127,10944,448.0,132,5,7,1223,1994,1994,271000
972,0.0,2.0,680,292,240,1948.0,972,8000,0.0,0,6,6,972,1948,2002,132000
1142,878.0,3.0,584,544,466,1995.0,2020,9828,0.0,155,5,8,1128,1995,1995,239500
1144,0.0,3.0,739,405,596,1956.0,1144,9571,0.0,0,6,5,1144,1956,1956,129000
1352,0.0,3.0,300,468,288,1958.0,1352,6930,120.0,0,4,5,1062,1958,1958,130000
926,0.0,3.0,234,0,484,1974.0,1316,5500,0.0,0,7,5,926,1929,2001,130000
1086,838.0,3.0,956,130,592,1998.0,1924,12011,530.0,75,5,8,1086,1998,1998,280000
1164,0.0,3.0,1040,124,240,1950.0,1164,10880,0.0,48,5,5,1164,1950,1950,125000
952,0.0,2.0,852,100,840,1988.0,952,7350,0.0,0,7,5,952,1951,1951,139000
938,1215.0,4.0,259,425,0,1979.0,2358,5250,0.0,54,5,8,684,1872,1987,122000
1680,0.0,3.0,808,72,540,1988.0,1680,21695,260.0,44,9,6,880,1988,2007,222000
1221,691.0,3.0,0,482,672,2003.0,1912,10800,0.0,25,7,6,482,1905,2000,163000
1004,0.0,2.0,578,426,480,1970.0,1004,11241,180.0,0,7,6,1004,1970,1970,149000
774,456.0,3.0,384,363,305,1946.0,1230,4712,0.0,57,7,4,747,1946,1950,121600
1167,0.0,3.0,645,270,495,1972.0,1167,8731,0.0,0,5,5,915,1920,1950,144000
1301,0.0,2.0,405,740,440,1965.0,1301,6911,0.0,0,5,5,1145,1924,1950,100000
1453,0.0,3.0,1082,371,445,1986.0,1453,5271,0.0,80,5,7,1453,1986,1986,190000
1601,0.0,3.0,1358,223,670,2001.0,1601,11423,479.0,0,5,8,1581,2001,2002,272000
1588,0.0,3.0,0,1588,825,2006.0,1588,10000,410.0,45,5,8,1588,2006,2006,227000
1095,0.0,2.0,513,75,264,1958.0,1095,10382,105.0,0,5,6,588,1958,1958,140000
1050,0.0,3.0,915,135,368,1961.0,1050,10659,0.0,319,6,5,1050,1961,1961,136500
960,0.0,3.0,520,440,432,1965.0,960,10921,48.0,0,5,4,960,1965,1965,94750
1002,454.0,4.0,0,810,280,1954.0,1456,7585,0.0,0,3,5,810,1948,1950,91500
1489,0.0,3.0,0,1489,462,1968.0,1489,9156,0.0,0,7,6,1489,1968,1968,185750
1726,0.0,3.0,1126,600,786,2007.0,1726,9416,205.0,138,5,7,1726,2007,2007,311872
1362,720.0,3.0,0,1362,484,2003.0,2082,11426,0.0,238,5,7,1362,2003,2003,200000
1339,0.0,3.0,1053,256,484,1990.0,1339,8049,54.0,58,5,7,1309,1990,1990,180000
1310,1140.0,3.0,781,503,1069,1998.0,2450,16545,731.0,126,5,8,1284,1998,1998,340000
879,984.0,4.0,0,879,660,2006.0,1863,14054,0.0,17,5,7,879,2006,2006,219210
768,0.0,2.0,656,112,396,1988.0,768,8445,0.0,0,7,5,768,1972,2007,133000
334,0.0,1.0,0,0,0,1979.0,334,5000,0.0,0,3,1,0,1946,1950,39300
1136,0.0,3.0,892,244,384,1965.0,1136,9200,0.0,0,6,6,1136,1965,1965,140000
1337,0.0,2.0,1201,36,405,1998.0,1337,4500,443.0,199,5,6,1237,1998,1998,153500
912,0.0,2.0,312,0,288,1964.0,912,7800,0.0,0,5,5,912,1964,1964,115000
876,936.0,4.0,540,324,264,1962.0,1812,7590,288.0,168,5,5,864,1962,1962,169500
1052,720.0,4.0,378,342,240,1939.0,2192,8400,0.0,24,8,5,720,1939,1997,179500
658,526.0,5.0,0,658,0,1979.0,1184,8410,0.0,151,3,5,658,1910,1996,81000
964,925.0,4.0,0,925,308,1960.0,1889,10120,0.0,0,4,7,925,1910,1950,122000
1327,0.0,3.0,405,658,624,1974.0,1327,7388,0.0,0,6,5,1063,1959,2002,150750
1422,0.0,3.0,588,606,576,1981.0,1422,12090,210.0,0,6,6,1422,1981,1981,175500
1632,0.0,4.0,0,1632,576,1967.0,1632,25000,0.0,0,4,5,1632,1967,1967,143000
1630,0.0,3.0,0,1630,451,2000.0,1630,9750,171.0,234,5,7,1630,2000,2001,213000
1013,0.0,2.0,0,1013,0,1979.0,1526,8470,0.0,0,2,3,1013,1915,1982,85000
1040,0.0,2.0,0,0,420,1956.0,1040,7200,0.0,0,5,4,0,1949,1950,90000
841,806.0,4.0,0,806,216,1920.0,1647,6858,0.0,66,4,6,806,1915,1950,128000
1328,653.0,4.0,622,500,576,1981.0,1981,7804,0.0,44,3,4,1122,1928,1950,135000
1644,0.0,3.0,1285,131,418,1953.0,1644,9600,238.0,0,5,6,1416,1953,1953,167000
1482,1092.0,3.0,0,1482,868,2007.0,2574,9588,270.0,148,5,8,1482,2007,2007,276000
1060,764.0,3.0,0,764,520,1940.0,1824,13515,0.0,0,6,6,764,1919,1950,180500
1350,0.0,3.0,624,288,520,1964.0,1350,9020,259.0,0,5,6,1248,1964,1964,168500
958,0.0,2.0,958,0,440,1976.0,958,4928,0.0,60,6,6,958,1976,1976,143750
1053,795.0,4.0,0,833,370,1922.0,1848,13053,0.0,0,7,6,833,1923,2000,207000
1620,0.0,3.0,1116,165,490,1993.0,1620,9991,0.0,78,4,4,1281,1976,1993,150000
1167,0.0,3.0,560,598,400,1992.0,1167,9248,106.0,26,6,6,1158,1992,1992,173000
798,0.0,3.0,94,641,220,1949.0,1487,8741,0.0,140,4,6,735,1945,1950,113000
892,0.0,3.0,432,460,288,1967.0,892,7150,60.0,0,5,5,892,1967,1967,100000
804,0.0,3.0,510,278,240,1940.0,804,7200,294.0,0,7,5,788,1940,1992,119000
1140,0.0,3.0,0,1140,0,1979.0,1140,17217,0.0,56,5,5,1140,2006,2006,84500
983,813.0,4.0,400,380,483,1963.0,1796,7056,415.0,50,5,6,780,1963,1963,140000
1118,912.0,4.0,156,692,551,1976.0,2030,12046,298.0,224,6,6,848,1976,1976,195000
1026,981.0,3.0,765,252,812,2008.0,2007,11003,160.0,52,5,10,1017,2008,2008,310000
691,0.0,2.0,0,691,216,1920.0,691,5400,0.0,20,6,5,691,1920,1950,86000
786,0.0,3.0,0,768,676,2008.0,1590,9000,0.0,30,5,8,768,2008,2008,210000
1216,639.0,4.0,444,550,325,1954.0,1855,9525,0.0,0,4,6,994,1954,1972,136900
1028,776.0,3.0,0,994,442,1999.0,1804,7500,0.0,60,5,7,994,1999,1999,189000
884,884.0,3.0,550,334,543,2003.0,1768,8158,252.0,63,5,7,884,2003,2003,224900
1831,1796.0,4.0,1387,543,807,1995.0,3627,35760,1378.0,76,5,10,1930,1995,1996,625000
1298,0.0,3.0,1258,40,403,1985.0,1298,11200,85.0,26,5,6,1298,1985,1985,180000
1801,0.0,1.0,1247,254,484,1959.0,1801,15602,0.0,54,8,7,1501,1959,1997,289000
630,0.0,1.0,553,77,0,1979.0,630,1533,0.0,0,7,5,630,1970,1970,92000
1103,0.0,2.0,397,706,440,1976.0,1103,6000,0.0,120,6,6,1103,1925,1980,110500
859,319.0,2.0,0,859,384,1964.0,1178,8712,0.0,0,7,4,859,1900,1950,102776
1196,0.0,2.0,197,999,440,1957.0,1196,4800,0.0,0,7,4,1196,1916,1990,109900
1372,0.0,3.0,0,1372,529,2008.0,1372,8640,0.0,140,5,7,1372,2007,2008,250580
1431,0.0,3.0,371,728,296,1962.0,1431,9150,305.0,110,5,6,1099,1962,1962,165000
1422,0.0,3.0,0,1422,626,2004.0,1422,8500,106.0,60,5,7,1422,2004,2004,179600
1079,874.0,3.0,985,595,501,1992.0,1953,53107,0.0,231,5,6,1580,1992,1992,240000
1121,0.0,2.0,0,1121,440,2003.0,1121,8546,0.0,64,5,4,1121,2003,2004,140000
1143,1330.0,4.0,0,1143,852,2004.0,2473,9591,344.0,151,5,8,1143,2004,2005,317000
1057,0.0,3.0,417,640,576,1977.0,1057,7420,0.0,0,5,5,1057,1962,1962,132000
1110,0.0,3.0,1097,0,602,1978.0,1110,9101,104.0,30,6,5,1097,1978,1978,165500
1164,1106.0,4.0,524,628,671,1999.0,2270,11764,348.0,57,7,8,1152,1999,2007,290000
2018,0.0,3.0,0,2002,746,2009.0,2018,13214,0.0,76,5,9,2002,2008,2009,378500
672,714.0,3.0,438,234,440,1978.0,1386,11616,328.0,0,5,6,672,1978,1978,158900
1082,871.0,3.0,0,1082,1043,2005.0,1953,10574,0.0,50,5,8,1082,2005,2006,252000
1337,0.0,2.0,733,604,462,1993.0,1337,5395,0.0,0,5,8,1337,1993,1993,180000
997,1288.0,4.0,0,969,648,2000.0,2285,11000,72.0,56,5,8,969,2000,2000,248000
1718,0.0,3.0,1288,417,826,2007.0,1718,10637,336.0,44,5,8,1705,2007,2008,297000
1086,0.0,3.0,516,380,484,1966.0,1086,13400,1047.0,0,5,5,1024,1966,1966,159950
1555,0.0,2.0,0,1373,660,2007.0,1555,3684,130.0,20,5,7,1373,2007,2007,174000
1902,0.0,3.0,1406,496,567,1959.0,1902,17500,0.0,207,8,7,1902,1959,2002,335000
1298,1216.0,4.0,1216,0,693,1990.0,2514,11170,0.0,0,5,7,1216,1990,1991,250000
1224,0.0,2.0,1086,0,528,1979.0,1224,7018,275.0,0,5,5,1086,1979,1979,153337
1054,0.0,3.0,602,14,460,1969.0,1054,9750,0.0,0,8,6,1054,1969,1969,151000
1276,1336.0,4.0,854,371,676,1998.0,2612,12203,975.0,0,5,8,1225,1998,1999,336000
902,0.0,3.0,599,277,288,1967.0,902,6173,75.0,0,6,5,876,1967,1967,125500
1153,0.0,4.0,692,153,484,1983.0,2353,13005,278.0,195,7,7,845,1980,1980,260000
689,703.0,3.0,378,311,299,1977.0,1392,10900,153.0,36,7,6,689,1977,1977,161750
1155,0.0,3.0,899,210,576,1987.0,1155,11782,0.0,0,7,5,1109,1961,1995,148000
1136,768.0,3.0,180,676,240,1950.0,1904,7200,0.0,0,4,5,1208,1950,1982,138000
950,208.0,3.0,0,862,208,1929.0,1158,6000,0.0,0,7,6,862,1929,1950,120000
751,611.0,3.0,0,611,502,1920.0,1362,6155,0.0,0,8,6,611,1920,1999,128000
1005,1286.0,4.0,0,975,429,1999.0,2291,8738,302.0,0,5,7,975,1999,1999,230000
649,668.0,3.0,0,649,250,1920.0,1317,8500,0.0,54,4,4,649,1920,1950,40000
1734,0.0,3.0,1004,730,928,2007.0,1734,12085,328.0,0,5,8,1734,2007,2007,318000
1194,0.0,3.0,0,1194,312,1959.0,1194,8760,220.0,0,6,6,1194,1959,1959,148000
876,540.0,4.0,0,876,720,1949.0,1416,12665,0.0,0,8,5,876,1915,1950,153900
1383,0.0,3.0,1064,319,354,1954.0,1383,13284,0.0,116,5,5,1383,1954,1954,165000
1001,1001.0,3.0,284,717,871,1949.0,2002,6270,0.0,0,6,5,1001,1949,1950,145000
1496,0.0,3.0,0,1496,474,2007.0,1496,9158,140.0,130,5,8,1496,2007,2007,225000
984,620.0,3.0,408,156,660,1977.0,1604,10998,0.0,68,5,5,984,1941,1960,117000
764,0.0,2.0,0,680,504,1965.0,764,5232,0.0,0,5,5,680,1925,2004,73000
977,755.0,3.0,0,741,476,1985.0,1732,9206,336.0,46,5,6,741,1985,1985,178000
1494,0.0,3.0,0,1494,840,2006.0,1494,10652,306.0,33,5,7,1494,2006,2007,279500
986,0.0,2.0,0,960,180,1926.0,986,6180,0.0,128,5,6,960,1926,1950,102000
1145,0.0,2.0,16,1129,397,2005.0,1145,3182,11.0,16,5,7,1145,2005,2006,160200
742,742.0,3.0,0,742,0,1979.0,1484,6300,0.0,291,6,6,742,1914,2001,128000
1344,0.0,3.0,111,354,525,1958.0,1344,14375,541.0,118,6,6,819,1958,1958,137500
958,581.0,3.0,0,650,686,1983.0,1539,10440,0.0,78,8,5,650,1904,2002,157500
1134,1370.0,4.0,0,1122,656,2005.0,2504,11198,245.0,39,5,9,1122,2005,2007,325000
747,0.0,1.0,0,600,528,1953.0,747,5825,108.0,0,5,4,600,1926,1953,79900
1108,989.0,3.0,975,133,583,1998.0,2097,9750,0.0,170,6,7,1108,1998,1998,274300
3138,1538.0,3.0,2260,878,884,2007.0,4676,40094,762.0,406,5,10,3138,2007,2008,184750
786,390.0,2.0,0,698,624,1999.0,1176,6000,0.0,0,9,6,698,1937,2000,134900
720,0.0,2.0,495,225,0,1979.0,720,7879,0.0,523,5,4,720,1920,1950,34900
1580,0.0,3.0,0,1580,830,2008.0,1580,11932,186.0,24,5,8,1580,2007,2008,235128
1440,0.0,4.0,1440,0,0,1979.0,1440,7711,0.0,0,3,4,1440,1977,1977,150000
738,0.0,3.0,193,545,540,2005.0,1476,8633,0.0,35,5,6,738,2005,2005,173500
1500,0.0,3.0,20,1480,570,2004.0,1500,8487,210.0,36,5,7,1500,2004,2004,190000
884,464.0,3.0,0,884,216,1960.0,1348,6000,0.0,0,8,5,884,1925,1997,117000
1200,0.0,1.0,661,203,884,1977.0,1200,9230,166.0,64,8,5,864,1965,1998,146000
1394,0.0,3.0,609,785,514,1963.0,1394,9500,247.0,76,5,6,1394,1963,1963,159000
800,832.0,4.0,400,336,484,1966.0,1632,9130,252.0,40,8,6,800,1966,2000,173000
912,0.0,3.0,842,70,336,1974.0,912,8521,0.0,0,5,5,912,1967,1967,125000
1370,1254.0,4.0,1128,242,864,1918.0,2624,22420,0.0,0,6,6,1370,1918,1950,239000
1696,0.0,3.0,0,1140,349,1962.0,1696,13673,0.0,30,5,5,1140,1962,1962,143900
682,548.0,2.0,0,440,440,1966.0,1230,10440,0.0,0,6,5,440,1910,1981,110000
1549,1178.0,3.0,297,556,440,1932.0,2727,10570,0.0,74,8,8,853,1932,1994,315000
728,728.0,3.0,0,728,429,2006.0,1456,15578,0.0,0,5,6,728,2006,2006,172785
864,0.0,3.0,375,250,660,1989.0,864,6960,0.0,0,6,4,864,1970,1970,120500
970,739.0,3.0,0,970,380,2004.0,1709,2522,50.0,40,5,6,970,2004,2006,130000
810,855.0,3.0,643,167,528,2001.0,1665,8400,0.0,45,6,8,810,2001,2001,227000
1372,1274.0,3.0,987,360,656,1993.0,2646,9900,256.0,60,5,7,1347,1993,1993,260000
798,0.0,3.0,0,798,595,2003.0,1640,7226,0.0,45,5,7,798,2003,2003,183000
1014,685.0,3.0,440,538,420,1920.0,1699,10615,0.0,74,5,3,978,1900,1970,95000
1663,0.0,2.0,1116,248,529,1954.0,1663,53227,0.0,137,6,4,1364,1954,1994,256000
1728,0.0,6.0,1332,396,504,1963.0,1728,9100,336.0,0,5,5,1728,1963,1963,125000
1055,790.0,3.0,0,1055,462,1992.0,1845,11218,0.0,104,5,6,1055,1992,1992,189000
1020,831.0,3.0,536,169,440,1964.0,1851,9760,340.0,42,8,6,822,1964,1993,187000
1489,0.0,3.0,0,1489,776,2006.0,1489,11216,0.0,140,5,8,1489,2006,2006,232600
864,0.0,2.0,612,252,300,2008.0,864,9100,0.0,0,6,6,864,1959,1959,127500
1256,0.0,3.0,830,136,276,1965.0,1256,9937,0.0,68,6,5,1256,1965,1965,147500
816,0.0,2.0,816,0,816,1985.0,816,6600,0.0,0,8,5,816,1982,2003,138000
902,918.0,4.0,454,410,492,1965.0,1820,13700,288.0,84,6,7,864,1965,1988,201800
912,1215.0,4.0,48,422,833,1991.0,2127,13125,0.0,192,5,7,1104,1991,1991,238000
1065,0.0,3.0,0,1065,461,1974.0,1065,8892,66.0,0,5,5,1065,1960,1960,126500
1200,0.0,4.0,0,1200,312,1923.0,1200,11340,0.0,0,5,6,1200,1923,1950,125000
1208,0.0,2.0,686,501,632,2006.0,1208,6762,24.0,61,5,7,1187,2006,2006,206000
1133,1349.0,4.0,0,1094,642,2005.0,2482,12665,245.0,39,5,8,1094,2005,2006,281213
1720,0.0,3.0,919,801,527,1996.0,1720,10593,338.0,56,5,7,1720,1996,1996,260400
840,0.0,3.0,116,556,0,1979.0,840,4388,0.0,0,7,5,672,1930,1950,87000
1294,0.0,3.0,1200,78,496,1991.0,1294,7153,88.0,51,5,6,1278,1991,1991,179200
1090,0.0,2.0,980,110,450,2005.0,1090,7024,0.0,49,5,5,1090,2005,2006,157000
1165,0.0,4.0,0,1141,420,1998.0,2263,12090,650.0,123,5,8,1141,1998,1998,258000
969,0.0,3.0,716,253,440,1975.0,969,10356,0.0,0,6,5,969,1975,1975,122000
894,0.0,2.0,0,894,1248,1994.0,894,18000,0.0,20,4,3,894,1935,1950,81000
1028,0.0,2.0,0,1008,360,1927.0,1028,8960,0.0,0,6,5,1008,1927,1950,115000
979,979.0,4.0,484,495,492,1946.0,1958,7136,423.0,0,6,6,979,1946,1950,145000
1795,0.0,2.0,0,1795,895,2007.0,1795,9986,428.0,49,5,8,1795,2006,2007,147000
1940,0.0,3.0,1646,284,606,2010.0,1940,10159,450.0,95,5,9,1930,2009,2010,395192
1178,0.0,3.0,1084,92,439,1973.0,1178,10000,0.0,0,6,5,1176,1973,2000,157000
810,672.0,3.0,156,516,400,1934.0,1482,12155,0.0,0,8,6,672,1925,1950,140000
1428,0.0,3.0,0,1417,554,2008.0,1428,12274,256.0,60,5,7,1417,2008,2008,227680
864,0.0,3.0,460,404,338,1972.0,864,15523,0.0,0,6,5,864,1972,1972,133500
616,495.0,3.0,236,0,200,1941.0,1111,9084,0.0,0,6,5,616,1941,1950,95000
680,790.0,3.0,310,370,420,1993.0,1470,9765,68.0,63,8,6,680,1993,1993,185000
1116,0.0,3.0,0,1116,440,1962.0,1116,10000,261.0,0,6,6,1116,1962,1962,160000
864,0.0,2.0,414,450,288,1959.0,864,7332,207.0,0,6,6,864,1959,1959,120000
1297,0.0,3.0,1213,84,498,1954.0,1297,8532,650.0,0,6,5,1297,1954,1990,153000
1113,0.0,3.0,607,506,264,1950.0,1113,9600,0.0,80,7,5,1113,1950,2007,147000
1501,0.0,3.0,679,811,577,1999.0,1501,10335,183.0,29,5,7,1490,1999,1999,204000
764,783.0,3.0,24,732,614,2009.0,1547,8640,0.0,45,5,7,756,2009,2009,215200
991,956.0,3.0,222,769,678,2004.0,1947,12552,0.0,136,5,7,991,2004,2005,254900
1717,0.0,3.0,0,1709,908,2006.0,1717,11146,250.0,39,5,8,1709,2006,2006,255500
1052,0.0,3.0,504,506,440,1971.0,1052,8816,80.0,0,7,6,1010,1971,1971,155000
1127,886.0,3.0,862,255,455,1997.0,2013,9920,0.0,130,5,7,1117,1996,1997,269790
1266,0.0,2.0,0,1266,388,2007.0,1266,3182,16.0,16,5,7,1266,2007,2007,159895
1992,876.0,4.0,240,1752,716,2005.0,2868,16056,208.0,108,5,9,1992,2005,2006,556581
980,1276.0,4.0,300,652,554,2000.0,2256,8795,0.0,54,5,7,952,2000,2000,236000
1414,0.0,3.0,24,1390,494,2004.0,1414,8773,98.0,105,5,7,1414,2004,2004,185500
936,785.0,3.0,814,114,471,1994.0,1721,8462,105.0,87,5,6,928,1994,1994,201000
811,741.0,3.0,550,163,434,1975.0,1552,11475,0.0,208,6,6,713,1975,1975,179900
698,430.0,2.0,0,698,528,1980.0,1128,7500,0.0,0,4,4,698,1920,1950,68400
1118,0.0,3.0,522,574,358,1977.0,1118,9880,0.0,0,6,6,1096,1977,1977,171000
1728,0.0,4.0,936,396,574,1976.0,1728,12640,0.0,0,5,6,1728,1976,1976,150900
1686,762.0,4.0,1361,88,711,1994.0,2448,46589,528.0,76,7,8,1629,1994,2005,402000
1473,0.0,1.0,1324,113,452,1968.0,1473,25095,0.0,48,8,5,1437,1968,2003,143000
1187,530.0,3.0,902,254,400,1990.0,1717,13758,117.0,36,5,7,1156,1990,1991,187500
1166,0.0,2.0,655,201,400,2005.0,1166,9587,182.0,0,5,7,856,2005,2005,190000
1370,0.0,2.0,24,1346,484,2006.0,1370,6442,178.0,49,5,8,1370,2006,2006,202500
1724,0.0,3.0,528,1152,480,1967.0,1724,17871,359.0,0,5,6,1680,1967,1976,197900
970,739.0,3.0,0,970,380,2004.0,1709,2522,50.0,40,5,7,970,2004,2004,130000
483,0.0,2.0,358,125,264,1971.0,987,1680,604.0,0,3,6,483,1971,1971,89500
901,901.0,4.0,352,441,216,1920.0,1802,7588,0.0,0,6,7,793,1920,1950,200100
1170,1175.0,4.0,503,449,360,1932.0,2345,16560,0.0,0,8,6,952,1932,1950,239000
1068,0.0,3.0,663,396,264,1963.0,1068,8414,0.0,0,8,6,1059,1963,2003,154500
1617,0.0,2.0,165,598,533,1993.0,1617,8012,0.0,69,5,6,1604,1993,1994,193000
1244,0.0,3.0,777,467,336,1957.0,1244,11988,0.0,40,6,6,1244,1957,1957,150000
1180,0.0,2.0,0,700,252,1922.0,1180,11600,0.0,0,5,4,700,1922,1950,137500
520,623.0,2.0,0,600,480,2005.0,1223,2544,0.0,166,5,7,600,2005,2005,147400
1686,0.0,3.0,625,0,612,1980.0,1686,10240,157.0,131,6,6,1686,1980,1980,207500
1646,0.0,3.0,1513,125,800,2008.0,1646,9520,338.0,44,5,8,1638,2007,2008,293077
1144,0.0,3.0,594,270,264,1961.0,1144,10000,0.0,0,6,5,864,1961,1983,131400
939,858.0,3.0,0,939,639,2006.0,1797,9245,0.0,53,5,7,939,2006,2006,213500
1224,0.0,2.0,0,0,462,1962.0,1224,9842,0.0,0,5,4,0,1962,1962,101800
992,873.0,3.0,735,257,839,2000.0,1865,10316,0.0,184,5,7,992,2000,2000,235000
1056,0.0,3.0,846,210,308,1958.0,1056,8176,0.0,0,6,5,1056,1958,1992,139000
1966,1174.0,4.0,0,1926,820,2009.0,3140,13518,860.0,78,5,9,1926,2008,2009,485000
1212,0.0,3.0,506,0,492,1978.0,1212,8471,46.0,12,7,6,506,1977,1995,151000
1694,0.0,3.0,1369,317,636,2004.0,1694,10084,186.0,57,5,8,1686,2004,2005,307000
802,709.0,3.0,714,88,413,1997.0,1511,11207,0.0,75,5,6,802,1997,1997,185000
1057,0.0,3.0,731,326,246,1953.0,1057,7922,0.0,52,7,5,1057,1953,2007,109000
1246,1044.0,4.0,0,777,560,1971.0,2290,11340,0.0,0,6,4,777,1885,1950,122500
1377,806.0,4.0,1002,0,786,1988.0,2183,13837,178.0,0,5,7,1204,1988,1988,229000
1699,1523.0,5.0,1470,203,594,1990.0,3222,12376,0.0,0,5,7,1673,1990,1990,320000
909,807.0,2.0,0,880,512,1996.0,1716,8750,0.0,120,5,7,880,1996,1996,191000
1342,0.0,3.0,251,491,457,1967.0,1342,9790,0.0,0,5,6,1372,1967,1967,161500
1504,0.0,2.0,16,1330,437,2005.0,1504,3182,14.0,20,5,7,1346,2005,2006,191000
1053,0.0,3.0,0,1053,648,2003.0,1992,9375,768.0,45,5,8,1053,2003,2004,250000
624,628.0,2.0,510,90,462,1999.0,1252,2160,212.0,48,5,7,600,1999,2000,160000
999,0.0,3.0,588,411,264,1963.0,999,7758,0.0,132,7,5,999,1962,2001,132500
741,622.0,3.0,0,622,528,1966.0,1363,7740,0.0,0,7,4,622,1910,1950,125500
1165,0.0,3.0,312,276,490,1966.0,1165,9020,183.0,129,7,6,1127,1966,1966,174900
1668,0.0,3.0,1059,567,702,2002.0,1668,11248,215.0,45,5,9,1626,2002,2002,285000
1158,1218.0,4.0,0,1158,853,2005.0,2376,14215,380.0,154,5,8,1158,2005,2006,325300
889,551.0,3.0,0,540,352,1940.0,1440,5000,0.0,0,4,5,540,1900,1950,79000
794,676.0,3.0,182,612,388,1997.0,1470,13869,0.0,75,6,6,794,1997,1997,177000
1541,0.0,3.0,1201,340,532,2005.0,1541,12182,226.0,70,5,7,1541,2005,2005,220000
1440,0.0,4.0,133,1307,0,1979.0,1440,12108,270.0,0,4,4,1440,1955,1955,118000
1146,0.0,3.0,786,82,438,2003.0,1146,9590,442.0,22,5,7,868,2003,2003,187500
1494,0.0,3.0,437,0,481,1995.0,1494,9549,0.0,30,5,8,1494,1995,1996,270000
1462,0.0,4.0,1170,292,738,2004.0,2224,8834,216.0,0,5,9,1462,2004,2005,350000
820,523.0,3.0,0,731,186,1921.0,1343,7681,0.0,0,6,5,731,1921,1950,154900
1210,1242.0,4.0,281,747,683,1998.0,2452,16226,0.0,50,5,8,1028,1998,1999,267000
1127,850.0,4.0,442,374,540,1964.0,1977,9500,272.0,52,6,6,816,1964,1978,165000
1064,703.0,2.0,495,354,504,1987.0,1767,5306,0.0,35,7,7,1064,1987,1987,239000
1324,0.0,2.0,863,461,550,2006.0,1324,6240,176.0,38,5,8,1324,2006,2006,254000
912,546.0,3.0,0,912,330,1948.0,1458,17503,0.0,0,5,6,912,1948,1950,97500
1314,0.0,3.0,24,1290,440,2006.0,1314,9317,0.0,22,5,6,1314,2006,2006,176432
1575,0.0,3.0,430,1145,529,1992.0,1575,8012,0.0,0,5,6,1575,1992,1992,179200
1620,0.0,2.0,1022,598,912,2008.0,1620,12898,70.0,0,5,9,1620,2007,2008,315500
1104,684.0,5.0,0,1104,304,1957.0,1788,11250,0.0,0,5,4,1104,1957,1989,161500
913,0.0,3.0,187,0,240,1990.0,913,8400,0.0,0,5,6,814,1966,1966,129000
2073,0.0,3.0,790,589,500,1978.0,2073,13175,119.0,0,6,6,1542,1978,1988,210000
764,677.0,2.0,0,776,492,1999.0,1441,2645,456.0,0,5,8,776,1999,2000,174000
815,875.0,3.0,0,815,225,1916.0,1690,8850,0.0,0,6,7,815,1916,1950,144000
1437,0.0,3.0,988,200,576,1999.0,1437,14175,0.0,0,6,5,1188,1956,1987,168000
2156,0.0,3.0,297,1203,508,1968.0,2156,20781,0.0,80,7,7,1568,1968,2003,262500
864,0.0,2.0,468,396,0,1979.0,864,5604,0.0,0,6,5,864,1925,1950,98000
536,576.0,3.0,129,175,336,1976.0,1112,2592,0.0,0,3,5,536,1976,1976,85000
1122,1121.0,4.0,700,0,746,1990.0,2243,13474,246.0,44,5,7,700,1990,1991,225000
810,518.0,3.0,0,686,210,1940.0,1328,9906,0.0,172,4,4,686,1925,1950,107000
968,0.0,4.0,0,656,216,1928.0,968,10800,0.0,0,6,4,656,1927,2007,64500
698,698.0,3.0,0,698,384,2003.0,1396,8730,0.0,0,7,6,698,1915,2003,153575
1856,0.0,1.0,1445,411,834,2010.0,1856,11394,350.0,0,2,9,1856,2010,2010,394432
1610,551.0,3.0,1288,294,789,2007.0,2161,10562,300.0,120,5,8,1582,2007,2007,325624
1602,0.0,3.0,1246,356,529,1977.0,1602,16635,126.0,0,7,6,1602,1977,2000,215000
630,672.0,3.0,0,630,280,1991.0,1302,1680,142.0,0,5,5,630,1971,1971,112000
807,702.0,3.0,457,326,393,2002.0,1509,7861,0.0,75,5,6,783,2002,2003,183200
912,0.0,2.0,737,175,352,1962.0,912,12968,0.0,0,6,5,912,1962,1962,144000
1004,0.0,3.0,399,605,420,1950.0,1664,5000,0.0,24,7,6,1004,1947,1950,159000
1390,304.0,4.0,423,758,576,1925.0,1694,8400,0.0,0,5,6,1181,1925,1950,136500
747,0.0,2.0,0,747,220,1945.0,747,4608,0.0,0,6,4,747,1945,1950,80000
1040,0.0,2.0,0,0,420,1950.0,1040,7200,0.0,29,5,4,0,1950,1950,109900
831,829.0,3.0,0,831,493,2002.0,1660,8935,95.0,68,5,7,831,2002,2002,195000
1026,665.0,3.0,218,808,308,1924.0,1691,5000,0.0,0,6,5,1026,1924,1950,127000
864,0.0,3.0,398,317,720,1980.0,864,7200,0.0,0,8,5,864,1950,2002,129000
752,0.0,2.0,623,0,264,1984.0,752,7175,0.0,0,5,6,744,1984,1984,125000
963,829.0,3.0,361,602,564,2001.0,1792,12435,172.0,96,5,7,963,2001,2001,231500
764,862.0,2.0,0,764,474,2003.0,1626,2628,106.0,27,5,7,764,2003,2003,175500
1484,0.0,3.0,428,1048,472,2006.0,1484,9037,32.0,33,5,8,1476,2006,2006,265900
1675,1818.0,3.0,0,1470,870,2003.0,3493,18386,0.0,0,9,7,1470,1880,2002,295000
1652,0.0,2.0,1572,80,840,2006.0,1652,13173,300.0,102,5,9,1652,2006,2007,325000
1276,0.0,3.0,0,1276,350,1958.0,1276,9571,0.0,0,3,5,1276,1958,1958,60000
1112,0.0,3.0,120,736,271,1950.0,1668,9600,0.0,0,8,6,856,1950,2005,140000
720,472.0,4.0,0,720,0,1979.0,1192,10800,0.0,0,4,4,720,1949,1950,135000
884,0.0,2.0,747,0,504,1983.0,884,9180,0.0,0,7,5,840,1983,1983,144000
1180,0.0,3.0,1065,92,454,1988.0,2062,14364,128.0,55,5,7,1157,1988,1989,277000
827,0.0,2.0,0,0,392,1967.0,827,7200,0.0,0,7,5,0,1955,2007,107500
1136,883.0,3.0,0,728,532,1997.0,2019,11414,0.0,135,8,7,728,1910,1993,167500
616,688.0,3.0,0,264,336,1976.0,1304,2665,0.0,24,6,5,264,1976,1976,115000
684,684.0,3.0,0,684,216,1930.0,1368,3600,0.0,158,7,6,684,1910,1993,114504
840,765.0,3.0,0,840,379,1915.0,1605,5790,0.0,0,6,3,840,1915,1950,107400
2020,0.0,3.0,1436,570,900,2009.0,2020,12220,305.0,54,5,10,2006,2009,2009,402861
625,625.0,2.0,0,625,528,2006.0,1250,4251,0.0,54,5,7,625,2006,2007,164700
1624,0.0,2.0,1456,168,757,1994.0,1624,12461,0.0,114,5,8,1624,1994,1995,262000
845,0.0,2.0,565,280,360,1987.0,845,7599,0.0,0,6,4,845,1982,2006,129500
1389,0.0,2.0,1071,195,418,1975.0,1389,10010,0.0,38,5,5,1389,1974,1975,170000
968,0.0,2.0,0,968,480,1935.0,968,8520,0.0,0,6,5,968,1923,2006,100000
546,546.0,3.0,0,546,286,1970.0,1092,2001,80.0,0,5,4,546,1970,1970,75000
848,0.0,1.0,685,163,420,2003.0,848,4435,170.0,0,5,6,848,2003,2004,144000
1269,0.0,3.0,374,363,308,1964.0,1269,7931,0.0,0,6,5,1269,1960,1960,155000
1092,0.0,3.0,170,252,288,1962.0,1092,11616,116.0,20,5,5,1092,1962,1962,139000
1468,795.0,3.0,795,0,539,1977.0,2263,16659,34.0,250,7,7,795,1977,1994,235000
952,0.0,2.0,228,724,283,1956.0,952,8475,0.0,0,7,4,952,1956,1956,135750
736,716.0,2.0,0,736,0,1979.0,1452,4456,0.0,0,5,4,736,1920,2008,113000
1039,0.0,3.0,841,198,504,1965.0,1039,11625,0.0,0,4,5,1039,1965,1965,131500
1204,0.0,2.0,866,338,412,1998.0,1204,4500,320.0,247,5,6,1204,1998,1998,162000
1117,0.0,3.0,422,480,672,1976.0,1117,7819,0.0,0,5,6,1029,1976,1976,107000
2196,0.0,3.0,485,1496,701,1990.0,2196,14684,234.0,70,7,7,2158,1990,1991,271900
985,0.0,3.0,595,390,328,1977.0,985,8385,220.0,0,8,5,985,1977,1977,149900
1629,0.0,3.0,1124,1603,880,2003.0,1629,10655,296.0,0,5,8,3206,2003,2004,284000
877,600.0,3.0,0,861,216,1928.0,1477,6292,0.0,50,7,7,861,1928,1950,145000
980,0.0,3.0,560,420,484,1986.0,980,7064,153.0,0,6,5,980,1977,1977,135000
1166,1129.0,4.0,728,367,590,1992.0,2295,13346,0.0,40,5,7,1095,1992,2000,268000
900,602.0,3.0,0,602,180,1923.0,1502,10592,0.0,0,7,6,602,1923,1996,165000
1575,626.0,4.0,0,697,432,1966.0,2201,19690,0.0,236,7,6,697,1966,1966,274970
1050,1028.0,3.0,789,245,836,2008.0,2078,10800,100.0,102,5,8,1034,2007,2008,339750
800,0.0,1.0,0,264,0,1979.0,800,6120,0.0,0,3,2,264,1936,1950,60000
1578,0.0,3.0,0,1573,840,2008.0,1578,9262,194.0,36,5,8,1573,2008,2009,287090
1932,0.0,2.0,1336,596,774,2008.0,1932,12444,426.0,66,5,8,1932,2008,2008,394617
1507,0.0,4.0,666,409,404,1960.0,1507,7910,0.0,0,5,5,1075,1960,1960,127000
900,0.0,3.0,450,432,280,1970.0,900,9819,31.0,0,5,5,882,1967,1967,122000
1718,0.0,3.0,1172,528,786,2008.0,1718,12456,230.0,48,5,10,1700,2006,2007,337500
1089,661.0,3.0,0,636,240,1937.0,1750,9000,0.0,0,6,5,636,1880,1991,124000
1383,1015.0,3.0,719,660,834,1996.0,2398,11787,594.0,60,5,7,1379,1996,1997,315750
774,1194.0,4.0,0,774,680,2009.0,1968,12003,84.0,75,5,8,774,2009,2010,269500
1536,0.0,3.0,810,726,532,2002.0,1536,9135,113.0,74,5,7,1536,2002,2003,214000
864,0.0,2.0,203,661,200,1938.0,864,8212,0.0,0,3,3,864,1914,1950,58500
3228,0.0,3.0,1231,1969,546,1992.0,3228,12692,0.0,75,5,8,3200,1992,1993,430000
1518,631.0,1.0,1351,83,670,2003.0,2149,12822,0.0,43,5,7,1434,2003,2003,239686
1320,1320.0,4.0,0,1240,864,1950.0,2640,11700,0.0,0,7,7,1240,1880,2003,265979
1682,0.0,3.0,0,1304,530,1970.0,1682,10400,288.0,0,6,7,1304,1970,1970,174000
1038,1060.0,3.0,0,1030,878,2005.0,2098,10240,178.0,52,5,8,1030,2005,2005,275500
864,0.0,3.0,553,0,360,1965.0,864,8281,0.0,0,5,5,864,1965,1965,62383
1168,800.0,3.0,562,29,530,1969.0,1968,11075,232.0,189,4,5,784,1969,1969,172000
1097,0.0,3.0,338,702,480,1986.0,1097,9672,0.0,0,5,6,1040,1984,1985,152000
684,512.0,3.0,0,684,528,2005.0,1196,12354,0.0,46,8,6,684,1920,2000,110000
1252,668.0,4.0,57,554,451,1958.0,1920,13650,0.0,0,5,5,1052,1958,1958,172500
1728,0.0,6.0,231,1497,576,1987.0,1728,13101,108.0,0,5,5,1728,1965,1965,142600
1128,903.0,3.0,804,324,577,2002.0,2031,9473,0.0,211,5,8,1128,2002,2002,237000
1196,0.0,2.0,616,580,297,1956.0,1196,9000,74.0,44,5,6,1196,1956,1956,139000
803,0.0,2.0,116,604,360,1941.0,803,5000,0.0,0,6,5,720,1941,1950,87000
780,840.0,4.0,493,0,462,1969.0,1620,10793,263.0,0,5,5,780,1969,1969,152000
2097,0.0,1.0,1721,356,1134,2005.0,2097,20896,0.0,267,5,8,2077,2005,2006,423000
1869,0.0,2.0,0,1869,617,2007.0,1869,7820,362.0,54,5,9,1869,2007,2007,318061
956,930.0,3.0,0,930,431,1998.0,1886,11214,0.0,0,5,7,930,1998,1999,199900
480,0.0,3.0,50,430,308,1958.0,480,9000,0.0,0,3,2,480,1949,1950,35311
1296,0.0,2.0,0,0,516,1967.0,1296,10791,0.0,0,5,4,0,1967,1967,90000
816,0.0,2.0,690,126,288,1958.0,816,8877,0.0,0,6,4,816,1938,1958,100000
1601,0.0,3.0,704,567,478,1978.0,1601,11880,206.0,0,5,7,1271,1978,1978,157000
962,830.0,3.0,0,936,451,2000.0,1792,10261,318.0,0,5,6,936,2000,2000,186500
1352,1168.0,5.0,1012,326,796,1993.0,2520,14541,0.0,55,7,8,1338,1993,1993,310000
1144,0.0,3.0,748,102,796,1959.0,1144,8163,128.0,0,6,5,1144,1959,1959,143000
990,1611.0,4.0,0,612,621,1998.0,2601,9842,0.0,0,6,5,612,1921,1998,189000
972,605.0,3.0,0,972,312,1939.0,1577,6435,0.0,0,5,6,972,1939,1950,140200
970,0.0,2.0,630,340,624,1996.0,970,8480,0.0,24,6,5,970,1963,1963,132500
2036,0.0,3.0,1236,80,513,1965.0,2036,215245,0.0,0,5,7,2136,1965,1965,375000
1026,0.0,3.0,439,115,440,1969.0,1026,7930,0.0,48,8,6,1026,1969,2005,156000
698,0.0,2.0,0,698,0,1979.0,698,9405,0.0,200,9,5,698,1947,2008,118000
1533,0.0,2.0,655,878,576,1975.0,1533,70761,0.0,54,5,7,1533,1975,1975,280000
854,0.0,2.0,360,360,660,1991.0,1382,12358,0.0,0,6,5,720,1941,1950,128500
1391,0.0,2.0,16,1375,530,2004.0,1391,4282,0.0,158,5,7,1391,2004,2004,196000
1078,0.0,2.0,49,0,240,1950.0,1078,9717,0.0,0,6,5,1078,1950,1996,142125
1296,0.0,2.0,1005,262,471,2001.0,1296,6853,136.0,25,5,8,1267,2001,2002,220000
1442,0.0,4.0,608,834,301,1958.0,1442,9750,243.0,0,6,6,1442,1958,1958,157900
1024,940.0,4.0,0,940,0,1979.0,1964,8525,0.0,192,6,5,940,1911,1950,130000
1502,0.0,3.0,0,1502,644,2009.0,1502,9541,268.0,114,5,7,1502,2009,2009,233170
1392,0.0,3.0,1040,352,458,1957.0,1392,11900,387.0,0,5,6,1392,1957,1957,166000
1768,0.0,4.0,0,1768,0,1979.0,1768,10778,0.0,0,5,4,1768,1968,1968,136500
1582,0.0,4.0,812,812,390,1964.0,1582,36500,621.0,198,5,5,1624,1964,1964,190000
958,0.0,2.0,498,460,301,1960.0,958,12772,0.0,0,8,6,958,1960,1998,151500
894,0.0,2.0,777,117,600,1985.0,894,7200,0.0,0,5,5,894,1972,1972,123000
1224,0.0,2.0,883,341,402,1999.0,1224,4500,425.0,304,5,6,1224,1999,1999,165000
1742,590.0,3.0,1280,402,846,2008.0,2332,12474,272.0,134,5,10,1682,2007,2008,426000
1269,0.0,2.0,24,1232,430,2004.0,1269,3182,16.0,20,5,8,1256,2004,2005,192000
1776,0.0,3.0,80,1652,712,2006.0,1776,15306,100.0,0,5,8,1732,2006,2007,283463
728,728.0,3.0,0,728,390,2005.0,1456,8461,0.0,24,5,6,728,2005,2006,163990
1194,0.0,3.0,655,0,539,1954.0,1194,8910,0.0,0,6,6,655,1959,1959,159500
1008,0.0,2.0,643,365,240,1953.0,1008,8923,0.0,18,7,5,1008,1953,2006,134500
1555,0.0,2.0,16,1357,430,2005.0,1555,3182,16.0,20,5,7,1373,2005,2006,192500
892,892.0,4.0,0,747,180,1914.0,1784,13132,0.0,40,5,5,747,1914,1950,138887
1108,0.0,3.0,0,637,280,1930.0,1108,7449,0.0,0,7,7,637,1930,1950,139400
754,640.0,3.0,0,384,400,2007.0,1394,9735,0.0,0,5,5,384,2006,2007,167500
980,734.0,3.0,394,586,496,1988.0,1714,10421,42.0,66,5,7,980,1988,1988,196500
882,0.0,3.0,0,0,294,1959.0,882,8339,0.0,0,7,5,0,1959,1959,106500
1306,0.0,3.0,0,728,0,1979.0,1306,5350,0.0,0,2,3,728,1940,1966,76500
626,591.0,3.0,0,626,288,1980.0,1217,10762,0.0,28,6,6,626,1980,1980,120000
990,0.0,3.0,495,495,299,1996.0,990,8775,0.0,64,5,5,990,1994,1994,126000
1132,1320.0,4.0,0,1117,691,2004.0,2452,13418,132.0,32,5,8,1117,2004,2005,309000
848,0.0,1.0,685,163,420,2003.0,848,4435,170.0,0,5,6,848,2003,2003,140000
697,672.0,3.0,551,121,300,1930.0,1369,6629,0.0,0,6,6,672,1925,1950,103600
1218,0.0,2.0,27,1191,676,2009.0,1218,7862,0.0,102,5,6,1218,2009,2009,208300
1423,748.0,3.0,0,588,672,1993.0,2555,11526,0.0,0,7,6,588,1922,1994,191000
1247,0.0,1.0,1039,208,550,2005.0,1247,3316,0.0,84,5,8,1247,2005,2005,197000
1542,1330.0,4.0,896,434,619,1977.0,2872,12227,424.0,282,7,6,1330,1977,1995,272000
1652,0.0,2.0,1480,120,482,2008.0,1652,5587,186.0,53,5,8,1600,2008,2008,392500
1844,0.0,3.0,705,1139,546,1977.0,1844,11751,480.0,122,6,6,1844,1977,1977,190000
1113,858.0,3.0,341,772,689,2005.0,1971,9675,0.0,48,5,7,1113,2005,2005,253000
1007,793.0,3.0,0,982,463,2000.0,1800,8123,16.0,63,5,6,982,2000,2000,179000
1062,887.0,3.0,750,300,574,1993.0,1949,9938,246.0,90,5,7,1050,1993,1994,236000
630,0.0,1.0,150,0,0,1979.0,630,1491,0.0,24,6,4,630,1972,1972,75500
1494,0.0,3.0,922,572,530,2002.0,1494,12803,99.0,36,5,7,1494,2002,2002,221000
600,0.0,3.0,0,600,0,1979.0,968,5925,0.0,0,6,3,600,1910,1950,37900
1274,0.0,3.0,925,349,508,2005.0,1274,8814,80.0,98,5,7,1274,2005,2007,203000
1520,0.0,3.0,674,350,364,1955.0,1520,9600,164.0,0,6,6,1156,1955,1972,153000
1285,0.0,3.0,0,660,528,1977.0,1285,8197,148.0,0,5,6,660,1977,1977,143500
807,702.0,3.0,0,783,393,2003.0,1509,7875,0.0,75,5,7,783,2003,2003,180000
1142,793.0,3.0,0,793,550,1976.0,1935,12384,233.0,113,7,7,793,1976,1976,197900
816,0.0,3.0,816,0,0,1979.0,816,11841,104.0,32,5,6,816,1990,1990,118500
1200,0.0,2.0,833,343,555,2003.0,1200,10083,0.0,41,5,7,1176,2003,2003,184900
997,0.0,4.0,0,941,548,1958.0,1470,8172,0.0,0,6,4,941,1954,1972,135000
1656,0.0,3.0,639,441,528,1960.0,1656,31770,112.0,62,5,6,1080,1960,1960,215000
792,0.0,2.0,0,768,240,1924.0,792,9022,0.0,0,8,5,768,1924,2006,109500
1694,0.0,3.0,0,1694,818,2007.0,1694,12030,254.0,228,5,8,1694,2007,2007,318000
1800,0.0,3.0,1274,526,765,2002.0,1800,14331,630.0,78,5,8,1800,2002,2002,312500
1422,915.0,5.0,0,662,560,1945.0,2337,13600,0.0,57,5,5,662,1900,1950,90000
1168,678.0,3.0,196,844,315,1949.0,1846,10496,320.0,0,6,6,1040,1949,1950,143000
1026,0.0,3.0,505,0,576,1981.0,1026,10970,0.0,0,6,6,940,1978,1978,147000
904,0.0,3.0,0,876,408,1966.0,904,7162,41.0,0,7,5,876,1966,1966,109900
1126,0.0,3.0,936,190,484,1977.0,1126,17400,0.0,41,5,5,1126,1977,1977,160000
1136,1332.0,4.0,970,166,872,2004.0,2468,12099,388.0,154,5,8,1136,2004,2004,354000
988,0.0,1.0,938,0,540,1969.0,988,21453,0.0,130,5,6,938,1969,1969,180000
1052,0.0,3.0,1016,36,288,1968.0,1052,8400,168.0,0,5,5,1052,1968,1968,138500
572,524.0,2.0,0,572,0,1979.0,1096,9600,0.0,8,5,6,572,1924,1950,79000
1141,0.0,3.0,0,1141,484,2005.0,1141,13072,0.0,0,5,6,1141,2005,2005,142500
1012,778.0,4.0,247,485,484,1972.0,1790,10400,288.0,0,5,6,732,1972,1972,165150
1004,848.0,3.0,668,336,660,1999.0,1852,9066,320.0,106,5,8,1004,1999,2000,230000
520,0.0,2.0,490,30,0,1979.0,754,6780,0.0,0,8,6,520,1935,1982,84500
624,720.0,4.0,0,624,513,1916.0,1344,4571,0.0,0,5,5,624,1916,1950,98000
2207,0.0,3.0,912,1035,576,1970.0,2207,19900,287.0,0,5,7,1947,1970,1989,180000
1307,1051.0,5.0,0,907,360,1908.0,2358,45600,0.0,40,8,6,907,1908,1997,240000
1175,1540.0,4.0,575,487,831,1994.0,2715,8963,289.0,204,9,8,1142,1976,1996,299800
1364,0.0,2.0,659,705,484,2005.0,1364,7052,240.0,36,5,7,1364,2005,2005,185850
1253,0.0,3.0,0,1237,402,1995.0,1253,7875,38.0,21,5,7,1237,1995,1996,176000
1328,0.0,3.0,569,678,528,1963.0,1328,9790,451.0,26,5,6,1328,1963,1963,143000
1422,0.0,3.0,0,978,286,1960.0,1422,12342,0.0,0,5,5,978,1960,1978,139900
1186,800.0,3.0,454,314,486,1965.0,1986,13600,176.0,42,6,7,768,1965,1990,205000
952,0.0,2.0,0,952,192,1916.0,952,8854,0.0,98,6,6,952,1916,1950,121000
1660,0.0,3.0,1220,440,500,2006.0,1660,10182,420.0,50,5,8,1660,2006,2006,290000
2234,0.0,1.0,1904,312,1166,2009.0,2234,17423,748.0,60,5,9,2216,2008,2009,501837
790,0.0,2.0,384,384,160,1925.0,790,6292,0.0,141,5,6,768,1930,1950,91000
1340,0.0,3.0,24,1316,396,2007.0,1340,8899,0.0,30,5,7,1340,2007,2007,181134
1610,0.0,3.0,1200,410,480,1977.0,1610,10603,28.0,68,7,6,1610,1977,2001,205000
1361,1259.0,4.0,498,652,600,1977.0,2620,18890,1.0,24,5,5,1361,1977,1977,190000
1248,0.0,2.0,16,1232,438,2005.0,1248,3010,16.0,0,5,7,1248,2005,2006,167240
912,0.0,3.0,832,80,288,1962.0,912,6768,0.0,0,8,6,912,1961,1996,142000
943,0.0,3.0,828,115,472,1998.0,1638,9042,0.0,38,5,6,943,1998,1998,192000
1622,0.0,3.0,1159,90,1356,1975.0,1622,32463,149.0,0,4,4,1249,1961,1975,168000
1436,884.0,3.0,774,104,180,1945.0,2320,7259,0.0,0,8,6,1028,1945,2002,259500
1144,0.0,3.0,572,572,456,1961.0,1144,7875,136.0,0,6,5,1144,1961,1961,139950
848,672.0,3.0,182,611,281,1968.0,1520,4500,0.0,0,5,5,793,1932,2000,159434
1516,0.0,3.0,196,975,472,1964.0,1516,10004,180.0,0,6,6,1516,1964,1964,167000
1498,0.0,2.0,0,1498,675,2006.0,1498,8990,0.0,33,5,7,1498,2006,2006,204900
804,1157.0,3.0,690,114,560,2001.0,1961,12209,0.0,192,5,6,804,2001,2002,215000
728,728.0,3.0,0,728,440,2006.0,1456,11103,0.0,0,5,7,728,2006,2006,155835
1207,1196.0,3.0,0,1032,349,1940.0,2403,24090,0.0,0,7,7,1032,1940,1950,244400
1944,0.0,3.0,1274,622,708,2003.0,1944,12378,0.0,175,5,9,1896,2003,2004,360000
1368,0.0,2.0,0,1368,474,2005.0,1368,6955,94.0,35,5,7,1368,2005,2006,202500
882,908.0,3.0,633,240,588,1999.0,1790,9179,158.0,88,5,7,873,1999,1999,193000
1476,1237.0,3.0,1330,122,858,2008.0,2713,14948,268.0,66,5,9,1452,2008,2008,446261
720,551.0,3.0,0,720,312,1948.0,1271,21286,0.0,0,5,5,720,1948,1950,135000
1872,0.0,3.0,929,916,604,1988.0,1872,10400,102.0,39,5,7,1845,1988,1988,241500
1190,900.0,3.0,828,180,577,1984.0,2090,5062,0.0,0,5,7,1190,1984,1984,207500
882,914.0,3.0,706,88,546,1998.0,1796,9531,0.0,36,5,6,794,1998,1998,211000
1302,0.0,3.0,0,1302,436,2007.0,1302,8993,0.0,22,5,7,1302,2007,2007,176485
2524,0.0,4.0,1104,1420,542,1981.0,2524,9600,0.0,120,5,8,2524,1981,1981,278000
840,534.0,2.0,315,420,338,1967.0,1374,5400,0.0,0,6,4,840,1920,1950,105000
764,862.0,2.0,567,197,474,2003.0,1626,2268,106.0,27,5,7,764,2003,2004,173000
735,299.0,2.0,0,735,240,1940.0,1034,10134,0.0,39,6,5,735,1940,1950,109000
1518,0.0,1.0,1218,300,588,2003.0,1518,12677,472.0,140,5,8,1518,2003,2004,274000
1226,592.0,4.0,224,816,240,1951.0,1818,7758,600.0,0,4,7,1040,1931,1950,169500
1661,0.0,3.0,0,1649,598,1998.0,1661,12137,442.0,34,5,7,1649,1998,1998,224900
1096,895.0,3.0,297,0,432,1977.0,1991,11275,480.0,0,7,6,854,1932,1950,220000
832,650.0,3.0,624,26,324,1930.0,1482,9000,0.0,0,9,7,650,1920,1988,143000
1742,0.0,2.0,1148,594,564,1985.0,1742,6563,0.0,28,5,8,1742,1985,1985,275000
686,564.0,3.0,0,686,280,1955.0,1250,8248,0.0,0,7,5,686,1918,1950,116000
816,0.0,3.0,0,816,528,1985.0,1176,6240,0.0,0,6,6,816,1934,1950,114500
927,988.0,3.0,789,119,506,1992.0,1915,10041,0.0,150,5,8,908,1992,1992,220000
1192,403.0,2.0,388,552,240,1940.0,1595,8400,0.0,0,5,6,940,1940,2000,140000
1661,0.0,3.0,831,161,377,1955.0,1661,9600,0.0,28,6,6,992,1955,1996,165500
832,1103.0,3.0,544,288,552,2009.0,1935,8004,110.0,150,5,8,832,2009,2009,263435
1795,0.0,3.0,0,1777,534,2002.0,1795,9742,281.0,159,5,8,1777,2002,2002,230000
847,1081.0,4.0,0,847,434,2003.0,1928,8200,0.0,48,5,7,847,2003,2004,219500
1159,0.0,3.0,673,378,336,1968.0,1159,11553,188.0,0,5,5,1051,1968,1968,158000
855,601.0,3.0,311,544,440,1978.0,1456,2280,0.0,0,5,6,855,1978,1978,146000
1137,817.0,3.0,341,457,431,1939.0,1954,15660,312.0,119,9,7,798,1939,2006,311500
2028,0.0,2.0,1460,408,880,2005.0,2028,11443,208.0,66,5,8,1868,2005,2006,369900
2898,0.0,2.0,1165,0,665,1976.0,2898,15498,0.0,72,6,8,1565,1976,1976,287000
814,860.0,3.0,533,281,663,2000.0,1674,7500,0.0,96,5,7,814,2000,2000,216000
974,0.0,3.0,212,762,0,1979.0,974,10712,0.0,28,5,5,974,1991,1992,93500
1091,898.0,3.0,932,133,586,2002.0,1989,11367,210.0,60,5,8,1065,2002,2002,255000
1080,1017.0,3.0,50,499,678,1993.0,2097,11228,0.0,187,5,7,1080,1993,1993,228000
1442,0.0,3.0,0,1424,500,1990.0,1442,11851,0.0,34,5,7,1424,1990,1990,180500
1130,0.0,2.0,821,299,720,1970.0,1130,10800,0.0,0,6,5,1120,1920,1950,120000
1133,687.0,4.0,329,697,240,1925.0,1820,9120,0.0,100,6,7,1026,1925,1950,184000
1378,741.0,3.0,0,689,583,1972.0,2119,10448,333.0,104,6,6,689,1972,1972,158000
1264,1312.0,4.0,0,1234,666,2006.0,2576,12438,466.0,100,5,8,1234,2006,2006,361919
780,240.0,2.0,0,780,0,1979.0,1020,6342,0.0,0,8,5,780,1875,1996,94000
1095,679.0,4.0,0,1095,779,1920.0,1774,9600,0.0,0,2,4,1095,1900,1950,87000
904,0.0,1.0,350,333,0,1979.0,904,10020,0.0,0,1,1,683,1922,1950,61000
673,709.0,3.0,641,32,490,2000.0,1382,2651,0.0,50,5,7,673,2000,2000,165000
1518,1518.0,4.0,0,1107,840,1993.0,3608,22950,0.0,260,9,10,1107,1892,1993,475000
1178,1032.0,5.0,0,1008,205,1930.0,2210,9900,0.0,48,4,6,1008,1880,1950,117500
806,766.0,3.0,0,806,373,1995.0,1572,10364,0.0,40,5,6,806,1995,1996,168000
1824,0.0,2.0,1219,424,739,1971.0,1824,115149,351.0,48,5,7,1643,1971,2002,302000
1056,0.0,3.0,775,281,304,1968.0,1056,8450,0.0,85,6,5,1056,1968,1968,142000
949,272.0,4.0,392,392,392,1965.0,1221,9738,0.0,0,7,5,784,1924,1950,104900
1362,0.0,3.0,288,700,504,1961.0,1362,10197,491.0,20,5,6,1362,1961,1961,163000
848,0.0,1.0,697,151,420,2004.0,848,4426,147.0,0,5,6,848,2004,2004,141000
1434,0.0,3.0,20,1434,527,2001.0,1434,8529,0.0,39,5,7,1454,2001,2001,189000
1208,0.0,2.0,664,544,628,2007.0,1208,6762,108.0,54,5,7,1208,2007,2007,195400
1096,370.0,3.0,626,170,566,1950.0,1466,10800,0.0,21,8,5,796,1936,1989,170000
1987,0.0,2.0,1314,672,691,1994.0,1987,14303,554.0,36,5,8,1986,1994,1994,301500
1325,1093.0,3.0,1173,138,983,1993.0,2418,10542,651.0,154,5,7,1311,1993,1994,341000
1314,0.0,2.0,904,410,626,2008.0,1314,5063,166.0,62,5,7,1314,2007,2008,207500
970,739.0,3.0,0,970,380,2004.0,1709,2522,50.0,40,5,7,970,2004,2004,137500
672,546.0,3.0,0,672,0,1979.0,1218,1680,236.0,0,5,6,672,1971,1971,91500
1440,1440.0,8.0,256,1184,0,1979.0,3395,10896,0.0,110,7,6,1440,1914,1995,200000
1200,0.0,3.0,1200,0,0,1979.0,1200,10800,0.0,0,5,5,1200,1987,1988,179000
912,0.0,2.0,111,522,297,1958.0,912,7535,0.0,285,7,5,912,1958,1985,120000
2444,1872.0,4.0,1455,989,832,1994.0,4316,21535,1170.0,50,6,10,2444,1994,1995,755000
856,854.0,3.0,706,150,548,2003.0,1710,8450,196.0,61,5,7,856,2003,2003,208500
1234,1140.0,4.0,0,1181,656,2003.0,2374,11999,340.0,100,5,8,1181,2003,2004,285000
860,704.0,3.0,275,429,234,1941.0,1564,12000,0.0,0,7,7,704,1941,1950,174500
1466,0.0,3.0,176,1290,528,1959.0,1466,17755,132.0,140,4,5,1466,1959,1959,149900
1383,0.0,3.0,565,818,292,1960.0,1383,11600,175.0,45,5,6,1383,1960,1960,145250
1535,0.0,4.0,0,0,410,1979.0,1535,7018,0.0,0,5,5,0,1979,1979,118964
990,0.0,3.0,716,274,576,1996.0,990,13568,0.0,0,5,5,990,1995,1995,156000
918,728.0,4.0,364,554,240,1941.0,1646,7128,0.0,0,5,7,918,1941,1950,164000
908,1020.0,4.0,0,1020,440,1910.0,1928,9142,0.0,60,8,6,1020,1910,1950,137000
1040,685.0,3.0,315,114,550,1979.0,1725,11584,96.0,88,6,7,539,1979,1979,197000
2129,743.0,4.0,700,983,541,1992.0,2872,10678,337.0,33,5,8,1683,1992,2000,285000
1092,1020.0,4.0,500,176,576,1969.0,2112,11075,0.0,0,5,6,952,1969,1969,206900
757,567.0,3.0,672,0,240,1936.0,1324,6000,0.0,0,6,4,672,1936,1950,128000
520,600.0,2.0,0,600,480,2005.0,1200,3180,0.0,166,5,7,600,2005,2005,144152
672,672.0,3.0,456,216,468,1964.0,1344,10690,0.0,128,7,5,672,1920,1997,147000
840,828.0,3.0,0,840,500,2003.0,1668,11317,101.0,68,5,7,840,2003,2003,180000
1040,0.0,2.0,0,0,400,1949.0,1040,8544,0.0,0,4,3,0,1950,1950,93500
900,0.0,3.0,234,180,576,2005.0,900,7200,0.0,32,7,5,900,1951,2000,134800
1559,0.0,3.0,338,1221,812,1948.0,1559,8100,0.0,116,6,5,1559,1948,1973,153500
948,0.0,3.0,492,372,248,1954.0,948,10215,132.0,0,5,4,864,1954,1954,111000
923,0.0,2.0,543,261,264,1980.0,923,8012,0.0,0,5,6,923,1980,1980,143000
1552,0.0,3.0,24,1528,782,2005.0,1552,10084,196.0,20,5,7,1552,2005,2006,212900
961,0.0,3.0,216,540,642,1998.0,1717,9550,0.0,35,5,7,756,1915,1970,140000
1721,0.0,3.0,570,891,440,1968.0,1721,10335,0.0,96,6,5,1461,1968,1993,180000
483,504.0,2.0,330,153,264,1973.0,987,1680,158.0,0,5,6,483,1973,1973,100000
1200,0.0,3.0,334,322,521,1995.0,1200,11249,0.0,26,5,6,1200,1995,1995,177500
1148,568.0,3.0,292,476,281,1949.0,1716,11409,0.0,0,4,5,768,1949,2008,131000
894,0.0,3.0,553,224,336,1973.0,894,8450,0.0,144,8,5,894,1965,2009,138500
1771,0.0,3.0,0,0,336,1960.0,1771,21750,75.0,0,4,5,0,1960,2006,115000
1173,0.0,3.0,885,0,528,1974.0,1173,10625,81.0,120,6,7,1053,1974,1974,170000
1287,0.0,3.0,72,733,576,1997.0,1287,9830,0.0,17,7,5,1063,1959,2006,162000
1382,0.0,3.0,547,504,459,1974.0,1382,11235,51.0,82,5,4,1051,1963,1979,148000
1214,1306.0,4.0,565,638,721,1995.0,2520,9950,290.0,114,5,7,1203,1995,1995,290000
1215,0.0,3.0,585,630,297,1958.0,1215,12400,176.0,0,7,6,1215,1958,1998,155000
1203,1323.0,4.0,740,425,844,1994.0,2526,10120,391.0,78,5,8,1165,1994,1994,290000
600,600.0,2.0,0,600,480,2004.0,1200,3182,0.0,172,5,7,600,2004,2005,151000
1728,0.0,4.0,1606,122,560,1976.0,1728,9297,0.0,0,5,5,1728,1976,1976,188000
902,808.0,3.0,0,576,480,1990.0,1710,10300,0.0,11,6,7,576,1921,1950,140000
1407,985.0,3.0,1074,322,870,1997.0,2392,9452,423.0,70,5,8,1396,1997,1998,348000
1014,730.0,3.0,402,594,457,1993.0,1744,9453,0.0,70,7,7,996,1993,2003,194500
822,843.0,3.0,0,813,562,2007.0,1665,8125,0.0,0,6,7,813,2007,2007,205950
1282,1414.0,4.0,984,280,792,2007.0,2696,9965,220.0,184,5,7,1264,2007,2007,383970
864,0.0,3.0,616,248,528,1974.0,864,9000,0.0,0,6,4,864,1971,1971,120500
672,0.0,2.0,344,328,234,1941.0,672,9340,0.0,113,6,4,672,1941,1950,113000
1320,0.0,3.0,328,285,564,1966.0,1320,11777,97.0,68,6,5,1164,1966,1966,164500
958,0.0,2.0,120,958,440,1977.0,958,4928,0.0,205,5,6,1078,1976,1976,128000
1710,0.0,3.0,0,1710,550,2004.0,1710,12118,108.0,48,5,7,1710,2004,2005,240000
1265,0.0,3.0,633,586,502,1965.0,1265,9350,0.0,92,8,5,1219,1965,1999,179900
1456,0.0,2.0,0,1273,400,2003.0,1456,3196,40.0,20,5,8,1273,2003,2003,215000
1067,472.0,3.0,0,927,576,1995.0,1539,6120,0.0,0,6,5,927,1936,1950,141500
1959,0.0,5.0,0,1907,766,1989.0,1959,11070,70.0,0,5,7,1907,1988,1989,171000
1008,0.0,4.0,0,1008,0,1979.0,1522,6000,0.0,0,5,5,1008,1926,1950,102000
1124,0.0,3.0,0,0,0,1979.0,1124,8335,0.0,36,5,5,0,1954,1954,93000
1107,983.0,3.0,859,216,484,1973.0,2090,10382,240.0,204,6,7,1107,1973,1973,200000
1214,0.0,2.0,698,420,461,1965.0,1214,9170,0.0,0,7,5,1214,1965,1965,140000
1779,0.0,3.0,306,372,454,1955.0,1779,17920,0.0,418,4,5,1763,1955,1974,170000
1629,0.0,3.0,1300,316,808,2002.0,1629,14536,236.0,252,5,8,1616,2002,2003,270000
1554,0.0,2.0,24,1530,627,2006.0,1554,4590,108.0,73,5,8,1554,2006,2006,209500
993,1243.0,4.0,0,964,642,1997.0,2236,13006,285.0,0,5,7,964,1997,1997,222000
796,0.0,2.0,0,796,0,1979.0,796,3636,0.0,0,4,4,796,1922,1950,55000
840,840.0,3.0,0,840,308,1960.0,1680,15576,0.0,0,7,6,840,1915,1976,177000
848,0.0,1.0,686,162,420,2003.0,848,4435,170.0,0,5,6,848,2003,2003,136500
1142,0.0,3.0,874,268,528,1976.0,1142,4224,0.0,90,5,5,1142,1976,1976,134000
1252,0.0,1.0,429,93,564,1960.0,1252,13500,0.0,0,7,6,1602,1960,1975,235000
1684,0.0,2.0,28,1656,564,2005.0,1684,8849,616.0,72,5,9,1684,2005,2005,266000
2000,0.0,3.0,1464,536,888,2004.0,2000,10386,246.0,0,5,8,2000,2004,2005,305900
1616,0.0,3.0,0,1616,834,2005.0,1616,8688,228.0,59,5,7,1616,2005,2005,232000
1299,573.0,3.0,990,309,531,2001.0,1872,11885,108.0,122,5,8,1299,2001,2001,261500
1042,534.0,3.0,0,1042,225,1928.0,1576,6240,0.0,0,6,5,1042,1928,1950,149000
1175,807.0,3.0,421,386,575,1989.0,1982,11287,340.0,84,6,7,807,1989,1989,228500
988,0.0,3.0,534,246,276,1950.0,988,7200,0.0,80,7,5,876,1950,1950,119000
1844,0.0,2.0,976,868,620,2005.0,1844,10994,366.0,44,5,8,1844,2005,2006,257000
1258,0.0,3.0,656,602,528,1971.0,1258,11040,144.0,0,7,6,1258,1971,2004,145000
1288,0.0,1.0,786,474,500,1996.0,1288,14963,0.0,30,5,8,1260,1996,1996,245500
1634,0.0,3.0,0,1626,866,2006.0,1634,11428,248.0,44,5,8,1626,2006,2006,250000
855,0.0,3.0,257,103,440,1974.0,1322,2308,0.0,0,5,6,855,1974,1974,147000
707,707.0,3.0,0,707,403,2004.0,1414,9056,0.0,35,5,8,707,2004,2004,178000
1504,0.0,3.0,690,814,478,1996.0,1504,11883,196.0,66,5,7,1504,1996,1996,203000
1670,0.0,3.0,0,1670,690,2006.0,1670,14859,27.0,60,5,7,1670,2006,2006,240000
1516,651.0,3.0,125,36,518,1974.0,2167,17542,0.0,47,7,7,1192,1974,2003,294000
1069,0.0,2.0,559,510,440,1977.0,1069,4043,0.0,55,6,6,1069,1977,1977,140000
1072,0.0,2.0,547,0,525,2005.0,1072,3675,82.0,44,5,6,547,2005,2006,140000
1572,0.0,3.0,1159,413,995,1963.0,1572,35133,226.0,263,4,5,1572,1963,1963,186700
1188,561.0,3.0,1088,0,456,1963.0,1869,8820,0.0,0,6,5,1088,1890,1996,124900
882,0.0,1.0,0,882,0,1979.0,882,5500,0.0,0,6,4,882,1956,1956,103200
1922,0.0,3.0,1249,673,676,2005.0,1922,14157,200.0,51,5,9,1922,2005,2006,377426
780,0.0,2.0,632,148,352,1973.0,780,7200,0.0,0,7,5,780,1972,1972,124900
1021,580.0,3.0,0,533,300,1958.0,1601,13825,0.0,34,6,5,533,1958,1987,140000
1530,0.0,3.0,1274,256,430,2005.0,1530,16158,16.0,36,5,7,1530,2005,2005,260000
833,0.0,3.0,625,208,0,1979.0,833,8780,0.0,0,5,5,833,1985,1985,112000
679,504.0,2.0,331,318,308,1981.0,1183,6000,0.0,176,7,3,649,1948,2002,120000
1040,0.0,3.0,659,381,260,1962.0,1040,6897,0.0,104,8,5,1040,1962,2010,127000
1466,1362.0,4.0,1150,316,1052,2006.0,2828,9965,340.0,144,5,8,1466,2006,2007,424870
1032,220.0,3.0,280,752,288,1950.0,1252,9600,0.0,0,5,6,1032,1950,1950,119000
1246,0.0,3.0,340,0,305,1959.0,1246,7500,0.0,0,7,5,1246,1959,1994,154000
904,0.0,2.0,0,884,180,1926.0,904,6000,0.0,0,7,6,884,1926,2004,119000
966,686.0,4.0,686,0,416,1961.0,1652,10800,0.0,0,6,5,686,1915,1950,139000
1036,0.0,3.0,375,457,288,1949.0,1268,12144,0.0,28,7,5,832,1949,1950,133000
1172,741.0,3.0,0,896,342,1929.0,1913,7558,0.0,0,6,6,896,1928,1950,177000
1358,0.0,3.0,733,625,484,2010.0,1358,6371,128.0,35,5,7,1358,2009,2010,224000
1657,0.0,3.0,1237,420,484,1970.0,1657,12155,0.0,0,3,6,1657,1970,1970,163500
838,0.0,2.0,210,0,275,1961.0,838,10267,0.0,0,7,6,816,1918,2000,130000
1022,1038.0,3.0,772,220,390,1999.0,2060,8755,298.0,0,5,7,992,1999,1999,214000
764,862.0,2.0,573,191,474,2003.0,1626,2448,106.0,27,5,7,764,2003,2004,154000
663,689.0,4.0,371,292,299,1969.0,1352,9364,143.0,36,7,6,663,1969,1969,158000
968,408.0,3.0,368,359,240,1941.0,1376,9492,0.0,0,5,5,768,1941,1950,105000
849,811.0,3.0,326,389,240,1939.0,1660,11988,0.0,0,7,6,715,1934,1995,188700
616,796.0,3.0,0,616,432,2007.0,1412,8499,0.0,36,5,6,616,2006,2007,156932
756,713.0,3.0,0,756,216,1906.0,1469,10320,0.0,0,7,6,756,1906,1995,135000
774,656.0,3.0,0,384,400,2000.0,1430,9967,0.0,0,5,7,384,2000,2000,170000
1094,0.0,3.0,500,594,495,1953.0,1094,10452,216.0,0,5,6,1094,1953,1953,155000
1826,0.0,3.0,1422,392,758,2005.0,1826,11302,238.0,75,5,8,1814,2005,2006,319000
672,252.0,3.0,0,672,576,2003.0,924,8064,0.0,0,7,5,672,1949,2006,122900
1502,0.0,1.0,368,0,528,1985.0,1502,6820,0.0,54,5,8,1488,1985,1985,212000
616,1072.0,4.0,462,154,603,1997.0,1688,12798,0.0,114,5,6,616,1997,1997,200000
1262,0.0,3.0,905,357,572,2006.0,1262,7200,68.0,120,5,6,1262,2006,2006,185000
1905,0.0,3.0,0,1905,788,2006.0,1905,11670,302.0,191,5,9,1905,2006,2006,320000
1153,878.0,3.0,252,901,541,1998.0,2031,11404,202.0,84,5,7,1153,1998,1999,222500
1350,0.0,3.0,0,1064,478,1974.0,1350,10140,174.0,0,5,6,1064,1974,1974,165000
941,888.0,3.0,483,458,613,2003.0,1829,9548,223.0,39,6,7,941,2003,2003,237000
965,0.0,3.0,641,187,300,1979.0,965,7800,0.0,0,5,5,828,1965,1965,119900
672,252.0,2.0,348,324,280,1941.0,924,12180,0.0,0,4,4,672,1941,1950,80000
1055,1208.0,3.0,0,1055,905,2001.0,2263,9240,396.0,45,5,8,1055,2001,2002,287000
1236,872.0,4.0,626,501,540,1935.0,2108,13728,0.0,0,7,6,1127,1935,1986,235000
1242,0.0,3.0,916,326,528,1973.0,1242,9600,320.0,0,6,7,1242,1973,1973,175500
989,584.0,3.0,0,884,240,1935.0,1573,6120,0.0,0,7,4,884,1935,1995,133000
884,1151.0,3.0,0,884,434,2001.0,2035,9505,180.0,48,5,7,884,2001,2001,222500
1232,0.0,3.0,660,572,516,1984.0,1232,11120,0.0,0,6,6,1232,1984,1984,162500
1098,866.0,4.0,403,400,483,1976.0,1964,10480,660.0,69,6,7,803,1976,1976,205000
792,348.0,3.0,0,576,0,1979.0,1140,8800,0.0,160,7,4,576,1910,2004,96500
894,0.0,3.0,702,192,450,1967.0,894,9764,0.0,0,7,5,894,1967,2003,130000
1512,1142.0,4.0,619,435,619,1968.0,2654,11029,220.0,65,7,6,1054,1968,1984,250000
768,0.0,2.0,660,108,396,1974.0,768,7200,0.0,0,8,5,768,1972,2003,133900
672,0.0,2.0,0,0,0,1979.0,912,6240,0.0,0,5,4,0,1947,1950,80500
1040,1040.0,5.0,650,390,504,1969.0,2080,11606,192.0,0,5,5,1040,1969,1969,135000
1040,0.0,3.0,732,308,576,2000.0,1040,12464,0.0,0,5,5,1040,1996,1996,152000
1149,467.0,3.0,370,779,216,1926.0,1616,5400,0.0,0,7,6,1149,1926,2004,152000
1047,0.0,2.0,0,641,273,1954.0,1047,10800,0.0,0,7,4,641,1885,1995,100000
1803,0.0,3.0,168,284,484,1957.0,1803,13125,67.0,0,4,5,1134,1957,2000,155000
832,0.0,2.0,0,832,528,1962.0,832,7227,0.0,0,6,6,832,1954,1954,105500
894,0.0,3.0,180,340,384,1966.0,894,7094,0.0,0,5,5,894,1966,1966,125000
596,596.0,3.0,0,596,189,1920.0,1192,6402,0.0,0,5,5,596,1920,1950,78000
1850,0.0,3.0,1261,572,772,2004.0,1850,16033,378.0,112,5,9,1833,2004,2005,326000
899,0.0,3.0,450,414,288,1967.0,899,7800,89.0,0,7,5,864,1967,2004,130000
892,0.0,3.0,340,524,264,1966.0,892,9477,65.0,0,5,5,864,1966,1966,110000
1260,1031.0,4.0,1046,168,506,1900.0,2291,7200,0.0,0,6,6,1214,1910,1998,133900
1075,1063.0,2.0,0,849,360,1910.0,2138,8100,0.0,156,5,5,849,1898,1965,106000
926,678.0,3.0,0,926,470,1997.0,1604,10839,0.0,36,5,6,926,1997,1998,181000
887,1134.0,3.0,0,868,422,2006.0,2021,23257,0.0,100,5,7,868,2006,2006,274725
938,0.0,3.0,280,167,308,1977.0,938,9200,0.0,0,6,5,938,1975,1980,130250
912,514.0,3.0,0,912,216,1925.0,1426,7642,0.0,240,8,7,912,1918,1998,189950
928,992.0,4.0,220,708,400,1948.0,1920,11345,567.0,0,5,5,928,1948,1950,137000
1098,0.0,3.0,902,196,260,1955.0,1098,7390,151.0,0,7,5,1098,1955,1955,135000
729,0.0,2.0,0,270,0,1979.0,729,4130,0.0,0,6,3,270,1935,2003,52000
1252,0.0,3.0,0,1252,528,1960.0,1252,10721,243.0,39,6,6,1252,1959,1959,142000
1584,0.0,4.0,0,1584,792,1967.0,1584,8944,0.0,152,5,5,1584,1967,1967,124000
1506,0.0,2.0,0,1498,592,2008.0,1506,14587,284.0,174,5,9,1498,2008,2008,264132
1709,0.0,2.0,1238,460,506,1999.0,1709,5119,60.0,65,5,9,1698,1999,2000,328900
1092,0.0,2.0,895,197,299,1957.0,1092,14850,0.0,0,5,5,1092,1957,1957,141000
1746,0.0,3.0,1320,426,758,2006.0,1746,14892,160.0,39,5,9,1746,2006,2007,377500
1304,983.0,3.0,603,701,667,1953.0,2287,15593,0.0,21,4,7,1304,1953,1953,225000
789,0.0,2.0,0,768,200,1926.0,789,10594,0.0,0,5,5,768,1926,1950,96500
1041,0.0,3.0,991,50,270,1959.0,1041,9600,132.0,88,6,5,1041,1959,1959,124500
993,915.0,4.0,0,967,431,2002.0,1908,14191,0.0,0,5,8,967,2002,2002,202900
1010,1257.0,4.0,0,1010,390,2002.0,2267,8068,0.0,46,5,6,1010,2002,2002,200000
875,0.0,2.0,209,506,180,1931.0,875,6120,0.0,0,7,5,715,1931,1993,105000
1526,0.0,4.0,383,833,364,1957.0,1526,8562,145.0,78,6,5,1216,1957,2002,144500
1567,0.0,2.0,1567,0,714,1977.0,1567,9819,0.0,32,5,6,1567,1977,1977,196000
1734,1088.0,3.0,0,1734,1020,2009.0,2822,13891,424.0,170,5,9,1734,2008,2009,582933
689,689.0,3.0,141,548,360,1928.0,1378,9600,0.0,0,9,7,689,1928,2005,161000
1281,457.0,4.0,0,715,368,1920.0,1738,12513,0.0,0,4,4,715,1920,2007,104900
1164,896.0,4.0,831,320,521,1988.0,2060,10029,268.0,228,5,6,1151,1988,1989,211000
1128,0.0,2.0,812,124,286,1954.0,1128,9000,0.0,0,5,5,936,1954,1954,118000
840,880.0,3.0,0,840,440,2004.0,1720,8244,0.0,48,5,7,840,2004,2004,183500
1050,0.0,2.0,504,546,338,1956.0,1050,9600,0.0,0,6,5,1050,1956,1956,128900
1114,0.0,3.0,814,300,576,2004.0,1114,13695,0.0,78,5,6,1114,2003,2004,155000
1053,0.0,3.0,567,413,750,1998.0,1053,8973,85.0,80,7,5,1008,1958,1991,150000
1593,0.0,0.0,1153,440,682,2001.0,1593,4923,0.0,120,5,8,1593,2001,2002,286000
1214,0.0,3.0,695,519,318,1967.0,1214,10355,196.0,111,5,5,1214,1967,1967,143000
816,0.0,3.0,641,175,264,1982.0,816,6600,0.0,0,9,5,816,1982,2008,130500
1535,0.0,4.0,0,0,400,1979.0,1535,7018,0.0,0,5,5,0,1979,1979,118858
1360,1360.0,3.0,1036,140,795,1918.0,3112,25419,0.0,16,4,8,1360,1918,1990,235000
1079,840.0,3.0,0,1079,685,2006.0,1919,15611,0.0,51,5,8,1079,2006,2006,233230
1097,0.0,3.0,0,1097,672,1995.0,1097,10859,0.0,64,5,5,1097,1994,1995,145000
983,767.0,4.0,660,323,423,1989.0,1750,12508,0.0,0,7,6,983,1940,1985,160000
483,504.0,2.0,0,483,288,1972.0,987,1680,297.0,0,5,6,483,1972,1972,94500
981,0.0,3.0,282,664,576,1979.0,981,10530,0.0,312,5,6,981,1971,1971,143250
1700,0.0,4.0,1018,380,447,1959.0,1700,10552,0.0,38,5,5,1398,1959,1959,165500
816,0.0,2.0,708,108,308,1957.0,816,7100,0.0,0,7,5,816,1957,1957,129900
944,896.0,3.0,666,278,622,2001.0,1840,12420,0.0,45,5,7,944,2001,2001,230000
1291,1230.0,5.0,837,105,576,1973.0,2521,3964,0.0,20,4,6,942,1973,1973,151400
1002,0.0,3.0,828,174,902,1973.0,1002,8750,76.0,0,6,5,1002,1970,1970,148500
841,0.0,2.0,0,721,294,1950.0,841,8400,0.0,0,4,4,721,1950,1950,82000
996,0.0,2.0,747,189,564,1992.0,996,9069,0.0,0,6,6,936,1992,1992,147000
1713,0.0,3.0,1088,625,856,2004.0,1713,9591,262.0,26,5,8,1713,2004,2005,274900
1412,0.0,3.0,1005,387,576,1988.0,1412,11457,0.0,0,5,6,1392,1988,1988,175000
1236,0.0,2.0,600,312,923,1957.0,1236,7407,0.0,158,7,6,912,1957,1996,149700
1040,0.0,3.0,633,431,648,1963.0,1040,25286,0.0,0,5,4,1064,1963,1963,132250
1616,0.0,2.0,1180,415,608,1995.0,1616,5389,0.0,152,5,8,1595,1995,1996,236500
1414,0.0,3.0,528,245,601,1990.0,1414,11029,0.0,51,8,6,1184,1958,2002,176500
975,975.0,3.0,649,326,576,1997.0,1950,7399,1600.0,10,5,7,975,1997,1998,239000
1086,0.0,3.0,320,404,490,1989.0,1086,10200,104.0,0,7,5,1086,1954,2003,144900
1072,504.0,3.0,1309,15,528,1923.0,1576,21384,0.0,312,6,5,1324,1923,2004,223500
768,0.0,2.0,619,149,624,1987.0,768,7244,0.0,0,7,5,768,1970,1970,129500
1381,0.0,3.0,982,179,676,1972.0,1381,9360,0.0,0,7,6,1161,1972,2006,197500
1284,885.0,3.0,0,1284,647,2002.0,2169,9375,149.0,87,5,8,1284,2002,2002,228500
720,0.0,2.0,0,0,287,1955.0,720,6627,0.0,0,6,3,0,1949,1950,72500
1584,1208.0,3.0,493,1017,520,1920.0,2792,10440,0.0,547,7,6,1510,1920,1950,256000
936,0.0,2.0,0,936,576,1974.0,936,6000,0.0,32,4,4,936,1953,1953,93000
1181,0.0,3.0,920,38,588,1974.0,1181,10012,0.0,0,5,4,1138,1972,1972,137500
1689,0.0,3.0,0,1689,954,2007.0,1689,9849,0.0,56,6,7,1689,2007,2007,248328
948,0.0,3.0,732,216,280,1956.0,948,8190,0.0,36,6,4,948,1954,1954,119000
756,756.0,2.0,420,336,440,2000.0,1512,2117,513.0,32,5,6,756,2000,2000,168500
894,0.0,3.0,492,402,450,1968.0,894,8724,0.0,0,5,5,894,1968,1968,129000
932,920.0,3.0,822,78,644,2009.0,1852,8640,0.0,108,5,7,900,2009,2009,252678
845,0.0,3.0,0,0,290,1957.0,845,11500,0.0,0,3,4,0,1957,1957,84000
774,0.0,3.0,544,0,0,1979.0,774,4270,0.0,0,6,3,544,1931,2006,79000
2053,1185.0,4.0,816,1217,666,1996.0,3238,14720,579.0,86,5,8,2033,1995,1996,410000
1232,0.0,2.0,724,508,632,2007.0,1232,7314,82.0,0,5,7,1232,2007,2007,194500
1164,0.0,3.0,0,1164,528,1969.0,1164,9600,168.0,0,5,7,1164,1969,1969,140000
912,336.0,2.0,324,588,160,1957.0,1248,9439,0.0,0,5,5,912,1930,1950,87000
1687,0.0,3.0,353,60,572,1966.0,1687,57200,0.0,0,5,5,747,1948,1950,160000
860,1100.0,4.0,625,235,440,2002.0,1960,7851,0.0,48,5,6,860,2002,2002,216500
546,0.0,3.0,273,0,286,1970.0,1092,2217,0.0,0,4,4,546,1970,1970,88000
894,0.0,3.0,552,342,400,1999.0,894,9450,0.0,0,5,4,894,1954,1954,110000
1479,0.0,3.0,1013,440,558,2003.0,1479,10665,167.0,29,5,7,1453,2003,2003,226000
1060,0.0,3.0,188,204,270,1968.0,1060,8246,0.0,90,8,5,1060,1968,2001,154000
1436,0.0,3.0,946,490,484,2004.0,1436,8450,266.0,98,5,7,1436,2004,2004,210000
1044,0.0,2.0,0,540,504,1952.0,1044,8712,0.0,0,5,5,540,1952,1952,55993
880,888.0,2.0,390,490,320,1914.0,1768,10800,0.0,341,7,7,880,1914,1970,163000
816,0.0,2.0,538,278,432,2002.0,816,5890,0.0,0,8,6,816,1930,2007,120500
774,656.0,3.0,250,134,400,2000.0,1430,7750,0.0,0,5,7,384,2000,2000,180000
1867,0.0,2.0,379,470,303,1955.0,1867,10708,0.0,0,5,5,1617,1955,1993,190000
1500,0.0,3.0,1070,286,648,2006.0,1500,4045,45.0,20,5,7,1356,2006,2006,246578
1100,0.0,3.0,419,375,312,1960.0,1100,12493,0.0,0,5,4,1100,1960,1960,141000
816,0.0,3.0,546,270,264,1982.0,816,8314,0.0,0,7,5,816,1982,1982,124500
1328,0.0,2.0,967,383,308,1959.0,1328,16905,0.0,104,6,5,1350,1959,1959,170000
1728,568.0,3.0,1338,384,842,2008.0,2296,13478,420.0,274,5,10,1722,2008,2008,451950
864,0.0,2.0,167,697,572,1957.0,864,8172,0.0,0,7,5,864,1955,1990,115000
1266,0.0,3.0,0,1257,453,2005.0,1266,7500,0.0,144,5,7,1257,2005,2005,176000
858,0.0,3.0,614,244,0,1979.0,858,8125,0.0,0,4,4,858,1971,1971,88000
832,878.0,3.0,426,406,506,1993.0,1710,9291,120.0,70,5,6,832,1993,1993,187000
772,351.0,3.0,0,732,264,1979.0,1123,6060,0.0,0,5,4,732,1939,1950,100000
953,694.0,3.0,0,953,460,1999.0,1647,7917,0.0,40,5,6,953,1999,2000,175000
874,0.0,3.0,510,354,288,1968.0,874,9858,0.0,0,6,5,864,1968,1968,130000
1788,0.0,3.0,0,1753,522,2001.0,1788,11838,0.0,151,5,8,1753,2001,2001,236500
1839,0.0,3.0,1186,291,416,1957.0,1839,14442,106.0,87,7,6,1477,1957,2004,257500
1088,780.0,4.0,381,399,484,1976.0,1868,10304,44.0,96,7,5,780,1976,1976,197500
1712,0.0,4.0,528,1098,588,2005.0,1712,8393,122.0,54,5,5,1626,1959,2005,145000
561,668.0,2.0,285,276,462,1980.0,1229,1300,0.0,0,6,6,561,1980,1980,124000
1600,0.0,3.0,0,1566,890,2007.0,1600,14230,640.0,56,5,8,1566,2007,2007,256300
916,684.0,3.0,0,916,460,1997.0,1600,8773,0.0,38,5,6,916,1997,1997,169000
896,448.0,3.0,0,896,240,1936.0,1344,6240,0.0,114,4,5,896,1936,1950,115000
1126,0.0,3.0,767,266,540,1977.0,1126,15611,0.0,0,6,5,1126,1977,1977,175000
923,0.0,3.0,658,218,264,1984.0,923,6951,0.0,0,5,5,876,1984,1985,119500
616,0.0,2.0,616,0,205,1921.0,616,6000,0.0,0,7,5,616,1921,1950,89000
1800,0.0,6.0,0,1800,0,1979.0,1800,8000,0.0,0,4,5,1800,1961,1961,141000
1505,0.0,2.0,1024,481,505,1953.0,1505,12160,90.0,0,4,6,1505,1953,1953,149500
1647,0.0,3.0,1283,0,621,1977.0,1647,12984,459.0,0,6,5,1430,1977,1977,217500
1132,0.0,2.0,1024,108,451,2005.0,1132,7024,0.0,64,5,4,1132,2005,2005,176000
928,836.0,3.0,821,107,470,1997.0,1764,15426,0.0,99,5,6,928,1997,1997,231500
1088,441.0,4.0,0,0,240,1945.0,1529,8405,0.0,0,3,4,0,1945,1950,98000
1699,748.0,4.0,0,804,336,1969.0,2447,9638,0.0,0,7,6,804,1919,1990,169000
1504,0.0,1.0,16,1330,457,2005.0,1504,3182,16.0,0,5,7,1346,2005,2006,181000
1163,0.0,3.0,256,906,220,1955.0,1163,5820,0.0,98,8,3,1162,1955,2005,126175
769,756.0,3.0,436,320,440,2000.0,1525,2117,456.0,0,5,6,756,2000,2000,177000
935,0.0,3.0,560,0,288,1965.0,935,13526,114.0,0,6,5,935,1965,1965,137000
813,0.0,2.0,0,813,270,1932.0,813,5684,0.0,113,8,6,813,1930,2005,110000
1112,896.0,3.0,603,293,230,1948.0,2008,7800,0.0,0,8,5,896,1948,2002,225000
1532,797.0,4.0,1085,390,514,1990.0,2329,11839,99.0,121,5,7,1475,1990,1990,262280
910,648.0,4.0,420,490,282,1950.0,1558,13710,0.0,0,5,5,910,1950,1950,152000
832,832.0,4.0,194,638,528,1976.0,1664,10140,0.0,28,5,7,832,1976,1976,162900
2110,0.0,3.0,1065,1045,522,1968.0,2110,11160,0.0,0,5,7,2110,1968,1968,244000
905,881.0,3.0,648,176,684,1997.0,1786,9337,0.0,162,5,6,824,1997,1997,204750
925,550.0,4.0,548,36,336,1977.0,1475,2665,0.0,26,6,5,757,1977,1977,127000
811,576.0,3.0,0,811,256,1954.0,1387,6000,0.0,0,4,5,811,1954,1954,93000
976,732.0,3.0,0,976,380,2004.0,1708,3363,117.0,40,5,7,976,2004,2004,130000
1085,649.0,3.0,600,312,440,1962.0,1734,9786,0.0,0,7,6,912,1962,1981,159000
1766,648.0,3.0,664,290,520,1970.0,2414,10800,0.0,0,4,5,954,1900,1970,160000
933,975.0,4.0,642,273,493,1994.0,1908,8750,0.0,133,5,7,915,1994,1995,210000
1283,0.0,3.0,504,319,506,1980.0,1283,7763,0.0,0,7,5,931,1962,1980,140000
1212,0.0,3.0,0,1212,573,2001.0,1212,9100,0.0,0,5,7,1212,2001,2001,178000
952,596.0,3.0,0,952,672,1978.0,1548,7264,0.0,0,7,7,952,1925,2007,205000
980,0.0,3.0,400,100,384,1967.0,980,9750,0.0,0,5,5,980,1967,1967,135500
1811,0.0,2.0,296,230,470,1956.0,1811,14115,0.0,0,7,6,1073,1956,2004,230000
1056,0.0,3.0,1056,0,384,1966.0,1056,8900,0.0,42,4,4,1056,1966,1966,107000
1234,0.0,3.0,0,1234,484,2007.0,1234,11049,0.0,30,5,8,1234,2007,2007,179900
630,672.0,3.0,0,630,440,1970.0,1302,2016,304.0,0,5,5,630,1970,1970,106000
1035,371.0,3.0,0,319,0,1979.0,1406,7920,0.0,144,7,6,319,1920,1950,89500
858,0.0,2.0,685,173,576,1983.0,858,7252,0.0,0,5,5,858,1982,1982,134900
1182,1142.0,4.0,998,177,736,2005.0,2324,11924,286.0,21,5,9,1175,2005,2006,345000
910,0.0,3.0,0,105,414,1953.0,910,8892,0.0,0,7,5,105,1953,1996,116000
798,813.0,4.0,674,0,442,1964.0,1611,9760,360.0,128,6,6,780,1964,1964,167900
684,876.0,3.0,0,684,400,2005.0,1560,11911,0.0,38,5,6,684,2005,2005,174000
2020,0.0,4.0,0,0,630,1977.0,2020,8400,320.0,0,5,5,0,1977,1977,144000
1338,0.0,2.0,616,722,582,2001.0,1338,4920,0.0,0,5,8,1338,2001,2001,213500
1188,0.0,3.0,593,595,312,1962.0,1188,26142,189.0,39,7,5,1188,1962,1962,157900
1459,0.0,3.0,0,1459,527,2002.0,1459,8749,100.0,39,5,7,1459,2002,2002,192000
1306,954.0,3.0,1201,105,533,1996.0,2260,14000,0.0,44,5,7,1306,1996,1997,328000
1430,0.0,3.0,0,1413,605,2001.0,1430,16285,0.0,33,5,7,1413,2001,2002,187100
996,0.0,3.0,290,706,0,1979.0,996,13907,0.0,0,6,5,996,1940,1969,108000
1092,0.0,3.0,787,305,504,1964.0,1092,8250,260.0,0,7,6,1092,1964,1964,145000
625,625.0,2.0,0,625,625,2006.0,1250,4017,0.0,54,5,7,625,2006,2007,171900
864,864.0,3.0,0,864,572,2004.0,1728,9313,0.0,56,5,7,864,2004,2004,190000
924,0.0,3.0,0,924,280,1981.0,924,7990,0.0,0,6,5,924,1975,1975,110000
1199,0.0,2.0,300,899,530,1993.0,1199,7892,0.0,63,5,6,1199,1993,1993,153900
948,0.0,3.0,0,948,300,1968.0,948,8978,0.0,0,5,5,948,1968,1968,108000
925,0.0,3.0,338,121,429,1965.0,925,9100,0.0,0,6,5,925,1965,1965,117500
835,0.0,2.0,108,350,366,1920.0,835,10625,0.0,0,5,5,458,1920,1950,83000
1580,886.0,4.0,0,1580,610,2004.0,2466,11143,0.0,214,5,8,1580,2004,2005,340000
1216,941.0,4.0,445,479,487,1966.0,2157,14200,309.0,66,6,7,924,1966,1966,226000
1060,0.0,3.0,840,200,572,1976.0,1060,4224,0.0,110,7,5,1040,1976,1976,129900
2633,0.0,2.0,1282,1351,804,2001.0,2633,11400,705.0,140,5,10,2633,2001,2002,466500
1048,0.0,2.0,0,993,280,1922.0,1048,6380,0.0,0,6,5,993,1922,1950,113000
953,711.0,3.0,0,953,460,2000.0,1664,8121,0.0,40,5,6,953,2000,2000,172400
784,0.0,2.0,0,784,360,1950.0,784,9000,0.0,0,3,6,784,1928,1950,76000
1279,0.0,3.0,641,276,473,1980.0,1279,10125,0.0,83,6,6,1196,1977,1977,171500
1229,0.0,3.0,1059,75,284,1956.0,1229,17140,0.0,0,6,4,1134,1956,1956,135000
1268,0.0,2.0,540,728,244,1954.0,1268,7800,200.0,98,6,5,1268,1954,1954,132000
1428,0.0,3.0,0,1428,480,2007.0,1428,11639,0.0,120,5,7,1428,2007,2008,182000
1125,0.0,3.0,631,410,352,1977.0,1125,7200,255.0,0,6,6,1041,1976,1976,125000
1008,0.0,2.0,486,522,275,1954.0,1008,11425,0.0,0,6,5,1008,1954,1954,137000
1630,0.0,3.0,0,1622,860,2008.0,1630,10226,270.0,42,5,8,1622,2008,2008,295493
864,864.0,3.0,503,361,673,2003.0,1728,8791,0.0,56,5,6,864,2003,2003,207500
1211,0.0,3.0,250,210,322,1968.0,1211,8250,0.0,63,5,5,952,1968,1968,134000
1040,0.0,3.0,369,671,286,1959.0,1040,7560,0.0,0,5,5,1040,1959,1959,133700
1707,0.0,2.0,0,1686,511,1981.0,1707,16669,653.0,64,6,8,1686,1981,1981,228000
955,0.0,3.0,0,935,462,1998.0,1632,9084,0.0,28,5,7,935,1998,1998,176500
1392,0.0,3.0,1302,90,528,1957.0,1392,11341,180.0,0,6,5,1392,1957,1996,121500
1319,0.0,3.0,428,0,270,1953.0,1319,10634,0.0,0,6,5,608,1953,1953,123000
742,742.0,3.0,0,742,390,2005.0,1484,12589,0.0,24,5,6,742,2005,2005,174000
971,0.0,3.0,523,448,300,1969.0,971,9920,0.0,0,6,5,971,1969,1969,128500
1062,0.0,3.0,539,490,539,1976.0,1062,11333,0.0,0,5,6,1029,1976,1976,146800
980,0.0,4.0,945,0,0,1979.0,980,9400,250.0,0,5,6,945,1975,1975,127500
1405,0.0,2.0,0,1405,478,2003.0,1405,3136,163.0,36,5,7,1405,2003,2003,171750
959,712.0,3.0,786,173,472,2000.0,1671,10852,0.0,38,5,6,959,2000,2000,173000
1074,0.0,3.0,788,268,495,1975.0,1074,10140,0.0,88,6,5,1056,1975,1975,153500
1547,720.0,2.0,0,0,672,1979.0,2320,14762,0.0,144,6,5,0,1948,1950,169000
918,0.0,2.0,0,918,264,1979.0,918,7892,0.0,0,5,6,918,1979,1979,99500
1437,0.0,3.0,1157,280,528,1976.0,1437,10768,0.0,21,8,5,1437,1976,2004,218000
1069,0.0,2.0,360,709,440,1977.0,1069,4043,0.0,55,5,6,1069,1977,1977,127500
829,727.0,4.0,298,429,441,1968.0,1556,11700,0.0,0,6,6,727,1968,1968,154000
824,1070.0,4.0,624,193,510,2002.0,1894,11316,44.0,40,5,7,817,2002,2003,214900
1973,0.0,3.0,0,1935,895,2006.0,1973,14226,375.0,45,5,8,1935,2006,2006,395000
1898,1080.0,5.0,0,710,564,1961.0,2978,11275,300.0,0,7,7,710,1967,2007,242000
848,0.0,1.0,662,186,420,2004.0,848,4438,205.0,0,5,6,848,2004,2004,149000
804,670.0,3.0,0,384,400,1995.0,1474,8530,22.0,72,5,7,384,1995,1996,168500
1056,0.0,3.0,480,108,260,1954.0,1056,9250,0.0,0,7,5,1056,1954,2005,139400
902,0.0,2.0,301,239,484,1983.0,902,8885,0.0,0,5,5,864,1983,1983,131000
1032,0.0,3.0,605,427,564,1978.0,1032,10395,233.0,0,6,6,1032,1978,1978,148000
1077,0.0,2.0,0,961,338,1920.0,1077,8967,0.0,0,2,5,961,1920,1950,67000
1235,0.0,2.0,600,635,480,1961.0,1235,8500,203.0,0,3,5,1235,1961,1961,98600
1442,0.0,3.0,738,172,719,1990.0,1442,10357,0.0,244,5,7,910,1990,1991,179900
483,504.0,2.0,387,96,264,1971.0,987,1680,232.0,0,5,6,483,1971,1971,85400
1004,0.0,2.0,975,0,504,1977.0,1004,10530,90.0,0,5,6,975,1977,1977,135000
1006,0.0,3.0,288,718,0,1979.0,1006,9000,0.0,24,3,5,1006,1959,1959,80000
936,780.0,6.0,210,570,0,1979.0,1716,5687,0.0,184,6,5,780,1912,2000,135900
860,0.0,3.0,0,860,565,2004.0,1720,11645,0.0,70,5,7,860,2004,2004,196500
960,0.0,2.0,250,710,308,1997.0,960,6000,0.0,0,4,4,960,1920,1950,108500
1604,0.0,3.0,1334,270,660,2006.0,1604,8814,180.0,110,5,7,1604,2006,2006,220000
2217,0.0,4.0,351,1043,621,1970.0,2217,15865,0.0,207,6,8,2217,1970,1970,268000
1844,0.0,3.0,1110,734,540,1969.0,1844,16381,312.0,73,5,6,1844,1969,1969,223000
799,772.0,3.0,0,799,380,1993.0,1571,7837,0.0,40,7,6,799,1993,1994,178000
1479,0.0,3.0,0,1468,577,1999.0,1479,9382,125.0,25,5,7,1468,1999,2000,191000
1619,167.0,3.0,1249,103,529,1965.0,1786,164660,0.0,0,6,5,1499,1965,1965,228950
1632,0.0,3.0,620,0,338,1958.0,1632,9600,183.0,0,6,6,1240,1958,1988,139000
866,902.0,3.0,20,846,578,2007.0,1768,10769,0.0,105,5,8,866,2007,2007,212000
1096,0.0,3.0,75,230,299,1969.0,1096,15870,0.0,32,5,5,1096,1969,1969,138800
1236,857.0,3.0,0,791,542,1986.0,2093,20544,123.0,63,6,7,791,1986,1991,215000
660,688.0,3.0,512,148,453,1966.0,1348,7590,266.0,108,5,6,660,1966,1966,155000
728,728.0,3.0,648,80,410,2005.0,1456,8199,0.0,18,5,7,728,2005,2005,189000
1600,0.0,2.0,1277,207,319,1957.0,1600,16321,0.0,258,6,5,1484,1957,1997,207500
1700,0.0,3.0,340,1342,544,2003.0,1700,9135,120.0,23,5,6,1682,2003,2003,200000
808,785.0,3.0,0,808,389,1993.0,1593,9636,0.0,40,5,6,808,1992,1993,178000
1363,0.0,2.0,650,178,288,1951.0,1363,14559,70.0,42,7,5,1008,1951,2000,164900
855,586.0,3.0,311,544,440,1978.0,1441,2289,0.0,0,6,6,855,1978,1978,148500
1710,0.0,2.0,1400,310,866,2007.0,1710,13891,436.0,102,5,8,1710,2007,2008,372402
1222,888.0,3.0,695,253,463,1994.0,2110,8880,0.0,130,5,7,948,1994,2002,205000
725,754.0,3.0,533,192,475,1976.0,1479,13517,289.0,44,8,6,725,1976,2005,130500
767,0.0,1.0,584,0,367,1998.0,767,4058,182.0,40,5,7,723,1998,1998,133000
664,0.0,3.0,554,100,426,2006.0,1496,17104,0.0,24,5,7,654,2006,2006,179665
1567,0.0,1.0,1154,366,648,2006.0,1567,3982,0.0,0,5,8,1520,2006,2006,264561
1148,0.0,2.0,210,219,308,1952.0,1148,6420,0.0,0,7,5,980,1952,1952,123500
1120,850.0,3.0,0,1085,753,2006.0,1970,11065,788.0,74,5,8,1085,2006,2006,281000
1453,1357.0,4.0,482,971,750,1990.0,2810,9572,336.0,0,5,8,1453,1990,1990,302000
1470,0.0,4.0,986,484,696,1998.0,2630,9200,473.0,66,5,8,1470,1998,1998,315000
1105,1169.0,5.0,443,662,480,1960.0,2274,11600,361.0,0,5,5,1105,1960,1960,154300
1261,0.0,3.0,662,599,433,1958.0,1261,9120,0.0,0,6,6,1261,1958,1958,163000
1486,0.0,3.0,637,849,480,1968.0,1486,9937,0.0,0,7,5,1486,1964,1999,167000
773,0.0,2.0,570,203,240,1953.0,773,7677,0.0,0,5,5,773,1953,1953,110000
1537,0.0,3.0,0,1319,462,1962.0,1537,8400,237.0,36,9,6,1319,1962,2005,174000
866,913.0,3.0,0,866,546,1998.0,1779,10400,0.0,36,5,7,866,1998,1998,197900
1225,0.0,3.0,569,381,0,1979.0,1225,9320,0.0,0,5,4,950,1959,1959,128950
848,0.0,1.0,659,189,420,2003.0,848,4435,170.0,0,5,6,848,2003,2003,131500
780,596.0,3.0,0,780,198,1937.0,1376,8600,0.0,0,6,6,780,1937,1950,119500
742,729.0,3.0,381,348,440,1999.0,1471,3230,894.0,24,5,6,729,1999,1999,172500
869,0.0,2.0,0,440,0,1979.0,869,5900,0.0,0,7,4,440,1923,1958,85500
729,729.0,2.0,419,310,440,1999.0,1458,3230,1129.0,32,5,6,729,1999,1999,176000
894,0.0,3.0,762,102,440,1974.0,894,13350,0.0,0,5,5,864,1974,1974,142500
885,833.0,3.0,0,832,427,1998.0,1718,10141,40.0,94,5,7,832,1998,1998,185000
1701,0.0,3.0,1390,0,611,1975.0,1701,16647,0.0,0,5,5,1390,1975,1981,171000
864,0.0,3.0,600,264,576,1980.0,864,12735,0.0,0,5,4,864,1972,1972,111250
1094,761.0,3.0,0,528,512,1976.0,1855,9600,360.0,100,7,6,528,1976,1994,187000
1651,0.0,3.0,1398,0,616,1986.0,1651,12416,132.0,0,5,6,1606,1986,1986,184000
612,612.0,3.0,0,612,528,2009.0,1224,3951,76.0,234,5,6,612,2009,2009,164500
928,0.0,3.0,308,620,288,1957.0,928,6000,0.0,0,6,5,928,1957,1957,112500
372,720.0,3.0,0,0,0,1979.0,1092,5600,0.0,0,5,4,0,1930,1950,55000
832,809.0,3.0,16,712,546,1925.0,1641,9600,0.0,0,7,7,728,1925,1990,178000
708,708.0,3.0,404,304,776,1968.0,1416,11700,420.0,169,6,6,708,1968,1968,179900
1058,846.0,3.0,546,512,736,2003.0,1904,10927,280.0,60,5,8,1058,2005,2005,275000
936,0.0,2.0,248,448,308,1956.0,936,5868,0.0,0,7,5,936,1956,2000,129000
716,840.0,3.0,81,23,452,1980.0,1556,1950,0.0,0,6,6,716,1980,1980,151000
864,0.0,2.0,120,744,400,1951.0,864,19138,0.0,0,5,4,864,1951,1951,141000
1654,0.0,3.0,986,668,900,2002.0,1654,8125,295.0,136,5,7,1654,2002,2002,230000
1416,0.0,3.0,0,816,576,2007.0,1416,25339,0.0,0,7,5,816,1918,2007,112000
1268,1097.0,3.0,1163,89,856,1999.0,2365,9430,673.0,128,5,8,1252,1999,1999,337000
1067,0.0,2.0,442,625,436,1996.0,1067,9600,0.0,0,7,4,1067,1950,1995,128000
1318,584.0,4.0,0,0,539,1978.0,1902,8930,0.0,0,5,6,0,1978,1978,112000
1557,0.0,2.0,0,1374,420,2003.0,1557,3196,18.0,20,5,7,1374,2003,2004,234000
1195,644.0,4.0,0,1195,486,1998.0,1839,16770,30.0,81,5,7,1195,1998,1998,221000
